DATASET;PREPROCESS;CLASSIFIER_NAME;IDX_EXTERNAL;FEATURES_NUMBER;PARAMS;METRICS_DICT
CC;PCA;LR;0;10;{'C': 0.1};{'BAL_ACC': 0.5649585921325052, 'AUC_SCORE': 0.6030020703933747, 'PRECISION': 0.36619718309859156, 'RECALL': 0.6190476190476191, 'MCC': 0.1207496023417504, 'Confusion': array([[47, 45], [16, 26]], dtype=int64)}
CC;PCA;LR;1;6;{'C': 100.0};{'BAL_ACC': 0.5639233954451346, 'AUC_SCORE': 0.5494306418219462, 'PRECISION': 0.36764705882352944, 'RECALL': 0.5952380952380952, 'MCC': 0.1186265679923503, 'Confusion': array([[49, 43], [17, 25]], dtype=int64)}
CC;PCA;LR;2;4;{'C': 0.1};{'BAL_ACC': 0.6138716356107661, 'AUC_SCORE': 0.6728778467908902, 'PRECISION': 0.41935483870967744, 'RECALL': 0.6190476190476191, 'MCC': 0.21188588188766322, 'Confusion': array([[56, 36], [16, 26]], dtype=int64)}
CC;PCA;LR;3;7;{'C': 1.0};{'BAL_ACC': 0.5952380952380952, 'AUC_SCORE': 0.5649585921325051, 'PRECISION': 0.38666666666666666, 'RECALL': 0.6904761904761905, 'MCC': 0.1779928749862486, 'Confusion': array([[46, 46], [13, 29]], dtype=int64)}
CC;PCA;LR;4;4;{'C': 1.0};{'BAL_ACC': 0.5509834368530021, 'AUC_SCORE': 0.5745341614906833, 'PRECISION': 0.359375, 'RECALL': 0.5476190476190477, 'MCC': 0.09469753098701661, 'Confusion': array([[51, 41], [19, 23]], dtype=int64)}
CC;PCA;LR;5;4;{'C': 10.0};{'BAL_ACC': 0.6356107660455487, 'AUC_SCORE': 0.6216356107660455, 'PRECISION': 0.4482758620689655, 'RECALL': 0.6190476190476191, 'MCC': 0.2539346297689368, 'Confusion': array([[60, 32], [16, 26]], dtype=int64)}
CC;PCA;LR;6;4;{'C': 0.1};{'BAL_ACC': 0.5973084886128365, 'AUC_SCORE': 0.6045548654244306, 'PRECISION': 0.38271604938271603, 'RECALL': 0.7380952380952381, 'MCC': 0.18463704353729474, 'Confusion': array([[42, 50], [11, 31]], dtype=int64)}
CC;PCA;LR;7;15;{'C': 1.0};{'BAL_ACC': 0.5540890269151139, 'AUC_SCORE': 0.5758281573498965, 'PRECISION': 0.3561643835616438, 'RECALL': 0.6190476190476191, 'MCC': 0.10077002709579973, 'Confusion': array([[45, 47], [16, 26]], dtype=int64)}
CC;PCA;LR;8;4;{'C': 100.0};{'BAL_ACC': 0.5910973084886129, 'AUC_SCORE': 0.6237060041407867, 'PRECISION': 0.3968253968253968, 'RECALL': 0.5952380952380952, 'MCC': 0.16933808774619977, 'Confusion': array([[54, 38], [17, 25]], dtype=int64)}
CC;PCA;LR;9;10;{'C': 0.1};{'BAL_ACC': 0.5986024844720497, 'AUC_SCORE': 0.6226708074534162, 'PRECISION': 0.39705882352941174, 'RECALL': 0.6428571428571429, 'MCC': 0.18298268180196545, 'Confusion': array([[51, 41], [15, 27]], dtype=int64)}
CC;PCA;LR;10;4;{'C': 1.0};{'BAL_ACC': 0.5822981366459627, 'AUC_SCORE': 0.5869565217391305, 'PRECISION': 0.38028169014084506, 'RECALL': 0.6428571428571429, 'MCC': 0.1529815679070782, 'Confusion': array([[48, 44], [15, 27]], dtype=int64)}
CC;PCA;LR;11;4;{'C': 1.0};{'BAL_ACC': 0.5595238095238095, 'AUC_SCORE': 0.6159420289855072, 'PRECISION': 0.3611111111111111, 'RECALL': 0.6190476190476191, 'MCC': 0.11075852916855124, 'Confusion': array([[46, 46], [16, 26]], dtype=int64)}
CC;PCA;LR;12;5;{'C': 100.0};{'BAL_ACC': 0.6081780538302277, 'AUC_SCORE': 0.6141304347826086, 'PRECISION': 0.3924050632911392, 'RECALL': 0.7380952380952381, 'MCC': 0.20402943559161865, 'Confusion': array([[44, 48], [11, 31]], dtype=int64)}
CC;PCA;LR;13;4;{'C': 0.1};{'BAL_ACC': 0.609472049689441, 'AUC_SCORE': 0.6446687370600415, 'PRECISION': 0.4090909090909091, 'RECALL': 0.6428571428571429, 'MCC': 0.20315400105572542, 'Confusion': array([[53, 39], [15, 27]], dtype=int64)}
CC;PCA;LR;14;6;{'C': 0.1};{'BAL_ACC': 0.5898033126293996, 'AUC_SCORE': 0.6136128364389235, 'PRECISION': 0.3815789473684211, 'RECALL': 0.6904761904761905, 'MCC': 0.16815900101110895, 'Confusion': array([[45, 47], [13, 29]], dtype=int64)}
CC;PCA;LR;15;15;{'C': 0.1};{'BAL_ACC': 0.588768115942029, 'AUC_SCORE': 0.6084368530020704, 'PRECISION': 0.3835616438356164, 'RECALL': 0.6666666666666666, 'MCC': 0.16537856121463784, 'Confusion': array([[47, 45], [14, 28]], dtype=int64)}
CC;PCA;LR;16;20;{'C': 100.0};{'BAL_ACC': 0.5085403726708074, 'AUC_SCORE': 0.5393374741200828, 'PRECISION': 0.32, 'RECALL': 0.5714285714285714, 'MCC': 0.015961317593875556, 'Confusion': array([[41, 51], [18, 24]], dtype=int64)}
CC;PCA;LR;17;30;{'C': 100.0};{'BAL_ACC': 0.4945652173913043, 'AUC_SCORE': 0.520703933747412, 'PRECISION': 0.3088235294117647, 'RECALL': 0.5, 'MCC': -0.010085659626879986, 'Confusion': array([[45, 47], [21, 21]], dtype=int64)}
CC;PCA;LR;18;7;{'C': 0.1};{'BAL_ACC': 0.5900621118012422, 'AUC_SCORE': 0.6195652173913043, 'PRECISION': 0.4, 'RECALL': 0.5714285714285714, 'MCC': 0.16803478540247052, 'Confusion': array([[56, 36], [18, 24]], dtype=int64)}
CC;PCA;LR;19;4;{'C': 100.0};{'BAL_ACC': 0.5478778467908902, 'AUC_SCORE': 0.5364906832298137, 'PRECISION': 0.36363636363636365, 'RECALL': 0.47619047619047616, 'MCC': 0.09030010905370682, 'Confusion': array([[57, 35], [22, 20]], dtype=int64)}
CC;PCA;LR;20;9;{'C': 10.0};{'BAL_ACC': 0.5313146997929606, 'AUC_SCORE': 0.5393374741200827, 'PRECISION': 0.33783783783783783, 'RECALL': 0.5952380952380952, 'MCC': 0.0584258880278705, 'Confusion': array([[43, 49], [17, 25]], dtype=int64)}
CC;PCA;LR;21;4;{'C': 0.1};{'BAL_ACC': 0.6182712215320911, 'AUC_SCORE': 0.6291407867494825, 'PRECISION': 0.43103448275862066, 'RECALL': 0.5952380952380952, 'MCC': 0.22146588893970254, 'Confusion': array([[59, 33], [17, 25]], dtype=int64)}
CC;PCA;LR;22;4;{'C': 0.1};{'BAL_ACC': 0.5367494824016563, 'AUC_SCORE': 0.5869565217391304, 'PRECISION': 0.3424657534246575, 'RECALL': 0.5952380952380952, 'MCC': 0.06846576003638068, 'Confusion': array([[44, 48], [17, 25]], dtype=int64)}
CC;PCA;LR;23;4;{'C': 1.0};{'BAL_ACC': 0.5595238095238095, 'AUC_SCORE': 0.5486542443064183, 'PRECISION': 0.3611111111111111, 'RECALL': 0.6190476190476191, 'MCC': 0.11075852916855124, 'Confusion': array([[46, 46], [16, 26]], dtype=int64)}
CC;PCA;LR;24;5;{'C': 1.0};{'BAL_ACC': 0.5261387163561076, 'AUC_SCORE': 0.5727225672877847, 'PRECISION': 0.3389830508474576, 'RECALL': 0.47619047619047616, 'MCC': 0.048851305363073666, 'Confusion': array([[53, 39], [22, 20]], dtype=int64)}
CC;PCA;LR;25;4;{'C': 0.1};{'BAL_ACC': 0.5238095238095238, 'AUC_SCORE': 0.5729813664596274, 'PRECISION': 0.3333333333333333, 'RECALL': 0.5476190476190477, 'MCC': 0.04419956960878639, 'Confusion': array([[46, 46], [19, 23]], dtype=int64)}
CC;PCA;LR;26;5;{'C': 1.0};{'BAL_ACC': 0.5758281573498965, 'AUC_SCORE': 0.630952380952381, 'PRECISION': 0.37681159420289856, 'RECALL': 0.6190476190476191, 'MCC': 0.1407660206018958, 'Confusion': array([[49, 43], [16, 26]], dtype=int64)}
CC;PCA;LR;27;4;{'C': 1.0};{'BAL_ACC': 0.5737577639751552, 'AUC_SCORE': 0.5986024844720497, 'PRECISION': 0.38095238095238093, 'RECALL': 0.5714285714285714, 'MCC': 0.13710612218087195, 'Confusion': array([[53, 39], [18, 24]], dtype=int64)}
CC;PCA;LR;28;4;{'C': 0.1};{'BAL_ACC': 0.6441511387163561, 'AUC_SCORE': 0.6695134575569358, 'PRECISION': 0.4393939393939394, 'RECALL': 0.6904761904761905, 'MCC': 0.2675101148653406, 'Confusion': array([[55, 37], [13, 29]], dtype=int64)}
CC;PCA;LR;29;50;{'C': 1.0};{'BAL_ACC': 0.474120082815735, 'AUC_SCORE': 0.4976708074534162, 'PRECISION': 0.288135593220339, 'RECALL': 0.40476190476190477, 'MCC': -0.04836762907235017, 'Confusion': array([[50, 42], [25, 17]], dtype=int64)}
CC;PCA;LR;30;4;{'C': 0.1};{'BAL_ACC': 0.5574534161490683, 'AUC_SCORE': 0.6066252587991718, 'PRECISION': 0.36363636363636365, 'RECALL': 0.5714285714285714, 'MCC': 0.10661983034130271, 'Confusion': array([[50, 42], [18, 24]], dtype=int64)}
CC;PCA;LR;31;5;{'C': 1.0};{'BAL_ACC': 0.5564182194616978, 'AUC_SCORE': 0.5621118012422359, 'PRECISION': 0.36507936507936506, 'RECALL': 0.5476190476190477, 'MCC': 0.10487415661554417, 'Confusion': array([[52, 40], [19, 23]], dtype=int64)}
CC;PCA;LR;32;4;{'C': 1.0};{'BAL_ACC': 0.53027950310559, 'AUC_SCORE': 0.5349378881987578, 'PRECISION': 0.3380281690140845, 'RECALL': 0.5714285714285714, 'MCC': 0.05628567121109481, 'Confusion': array([[45, 47], [18, 24]], dtype=int64)}
CC;PCA;LR;33;9;{'C': 1.0};{'BAL_ACC': 0.5346790890269151, 'AUC_SCORE': 0.5595238095238095, 'PRECISION': 0.34328358208955223, 'RECALL': 0.5476190476190477, 'MCC': 0.06434894520877868, 'Confusion': array([[48, 44], [19, 23]], dtype=int64)}
CC;PCA;LR;34;6;{'C': 1.0};{'BAL_ACC': 0.6495859213250518, 'AUC_SCORE': 0.6519151138716356, 'PRECISION': 0.4461538461538462, 'RECALL': 0.6904761904761905, 'MCC': 0.27768860036824494, 'Confusion': array([[56, 36], [13, 29]], dtype=int64)}
CC;PCA;LR;35;4;{'C': 10.0};{'BAL_ACC': 0.5714285714285714, 'AUC_SCORE': 0.5949792960662525, 'PRECISION': 0.3698630136986301, 'RECALL': 0.6428571428571429, 'MCC': 0.1330742941552188, 'Confusion': array([[46, 46], [15, 27]], dtype=int64)}
CC;PCA;LR;36;4;{'C': 0.1};{'BAL_ACC': 0.5822981366459627, 'AUC_SCORE': 0.6288819875776398, 'PRECISION': 0.38028169014084506, 'RECALL': 0.6428571428571429, 'MCC': 0.1529815679070782, 'Confusion': array([[48, 44], [15, 27]], dtype=int64)}
CC;PCA;LR;37;4;{'C': 10.0};{'BAL_ACC': 0.6138716356107661, 'AUC_SCORE': 0.6410455486542442, 'PRECISION': 0.41935483870967744, 'RECALL': 0.6190476190476191, 'MCC': 0.21188588188766322, 'Confusion': array([[56, 36], [16, 26]], dtype=int64)}
CC;PCA;LR;38;9;{'C': 0.1};{'BAL_ACC': 0.5150103519668737, 'AUC_SCORE': 0.5854037267080746, 'PRECISION': 0.3246753246753247, 'RECALL': 0.5952380952380952, 'MCC': 0.028168040723223323, 'Confusion': array([[40, 52], [17, 25]], dtype=int64)}
CC;PCA;LR;39;5;{'C': 0.1};{'BAL_ACC': 0.5584886128364389, 'AUC_SCORE': 0.6545031055900621, 'PRECISION': 0.36231884057971014, 'RECALL': 0.5952380952380952, 'MCC': 0.10857720360419267, 'Confusion': array([[48, 44], [17, 25]], dtype=int64)}
CC;PCA;LR;40;30;{'C': 100.0};{'BAL_ACC': 0.5509834368530021, 'AUC_SCORE': 0.540631469979296, 'PRECISION': 0.359375, 'RECALL': 0.5476190476190477, 'MCC': 0.09469753098701661, 'Confusion': array([[51, 41], [19, 23]], dtype=int64)}
CC;PCA;LR;41;5;{'C': 1.0};{'BAL_ACC': 0.5152691511387164, 'AUC_SCORE': 0.5571946169772257, 'PRECISION': 0.32786885245901637, 'RECALL': 0.47619047619047616, 'MCC': 0.02844704114187648, 'Confusion': array([[51, 41], [22, 20]], dtype=int64)}
CC;PCA;LR;42;6;{'C': 100.0};{'BAL_ACC': 0.6138716356107661, 'AUC_SCORE': 0.6195652173913043, 'PRECISION': 0.41935483870967744, 'RECALL': 0.6190476190476191, 'MCC': 0.21188588188766322, 'Confusion': array([[56, 36], [16, 26]], dtype=int64)}
CC;PCA;LR;43;4;{'C': 0.1};{'BAL_ACC': 0.5499482401656315, 'AUC_SCORE': 0.5471014492753623, 'PRECISION': 0.36065573770491804, 'RECALL': 0.5238095238095238, 'MCC': 0.09305557526071458, 'Confusion': array([[53, 39], [20, 22]], dtype=int64)}
CC;PCA;LR;44;20;{'C': 100.0};{'BAL_ACC': 0.6159420289855072, 'AUC_SCORE': 0.6061076604554866, 'PRECISION': 0.4117647058823529, 'RECALL': 0.6666666666666666, 'MCC': 0.21516073870677302, 'Confusion': array([[52, 40], [14, 28]], dtype=int64)}
CC;PCA;LR;45;9;{'C': 0.1};{'BAL_ACC': 0.605072463768116, 'AUC_SCORE': 0.6770186335403726, 'PRECISION': 0.4, 'RECALL': 0.6666666666666666, 'MCC': 0.195163439496085, 'Confusion': array([[50, 42], [14, 28]], dtype=int64)}
CC;PCA;LR;46;5;{'C': 0.1};{'BAL_ACC': 0.5758281573498965, 'AUC_SCORE': 0.6032608695652174, 'PRECISION': 0.37681159420289856, 'RECALL': 0.6190476190476191, 'MCC': 0.1407660206018958, 'Confusion': array([[49, 43], [16, 26]], dtype=int64)}
CC;PCA;LR;47;20;{'C': 10.0};{'BAL_ACC': 0.5781573498964804, 'AUC_SCORE': 0.5491718426501035, 'PRECISION': 0.3898305084745763, 'RECALL': 0.5476190476190477, 'MCC': 0.1460702397984975, 'Confusion': array([[56, 36], [19, 23]], dtype=int64)}
CC;PCA;LR;48;4;{'C': 0.1};{'BAL_ACC': 0.5768633540372672, 'AUC_SCORE': 0.625, 'PRECISION': 0.375, 'RECALL': 0.6428571428571429, 'MCC': 0.14302297027417268, 'Confusion': array([[47, 45], [15, 27]], dtype=int64)}
CC;PCA;LR;49;75;{'C': 100.0};{'BAL_ACC': 0.49042443064182195, 'AUC_SCORE': 0.4671325051759834, 'PRECISION': 0.30357142857142855, 'RECALL': 0.40476190476190477, 'MCC': -0.018012410919078948, 'Confusion': array([[53, 39], [25, 17]], dtype=int64)}
CC;PCA;LR;50;4;{'C': 0.1};{'BAL_ACC': 0.6149068322981367, 'AUC_SCORE': 0.6037784679089027, 'PRECISION': 0.4153846153846154, 'RECALL': 0.6428571428571429, 'MCC': 0.21331096637283867, 'Confusion': array([[54, 38], [15, 27]], dtype=int64)}
CC;PCA;LR;51;4;{'C': 0.1};{'BAL_ACC': 0.5683229813664596, 'AUC_SCORE': 0.5463250517598344, 'PRECISION': 0.375, 'RECALL': 0.5714285714285714, 'MCC': 0.126904305485139, 'Confusion': array([[52, 40], [18, 24]], dtype=int64)}
CC;PCA;LR;52;4;{'C': 0.1};{'BAL_ACC': 0.6451863354037267, 'AUC_SCORE': 0.6555383022774327, 'PRECISION': 0.43478260869565216, 'RECALL': 0.7142857142857143, 'MCC': 0.26952128859270835, 'Confusion': array([[53, 39], [12, 30]], dtype=int64)}
CC;PCA;LR;53;20;{'C': 1.0};{'BAL_ACC': 0.5931677018633541, 'AUC_SCORE': 0.6128364389233955, 'PRECISION': 0.391304347826087, 'RECALL': 0.6428571428571429, 'MCC': 0.17295483759959893, 'Confusion': array([[50, 42], [15, 27]], dtype=int64)}
CC;PCA;LR;54;50;{'C': 1.0};{'BAL_ACC': 0.5564182194616978, 'AUC_SCORE': 0.6058488612836439, 'PRECISION': 0.36507936507936506, 'RECALL': 0.5476190476190477, 'MCC': 0.10487415661554417, 'Confusion': array([[52, 40], [19, 23]], dtype=int64)}
CC;PCA;LR;55;4;{'C': 0.1};{'BAL_ACC': 0.5822981366459627, 'AUC_SCORE': 0.608695652173913, 'PRECISION': 0.38028169014084506, 'RECALL': 0.6428571428571429, 'MCC': 0.1529815679070782, 'Confusion': array([[48, 44], [15, 27]], dtype=int64)}
CC;PCA;LR;56;8;{'C': 1.0};{'BAL_ACC': 0.5183747412008282, 'AUC_SCORE': 0.5473602484472049, 'PRECISION': 0.32857142857142857, 'RECALL': 0.5476190476190477, 'MCC': 0.03412956700547299, 'Confusion': array([[45, 47], [19, 23]], dtype=int64)}
CC;PCA;LR;57;20;{'C': 100.0};{'BAL_ACC': 0.5217391304347826, 'AUC_SCORE': 0.5339026915113871, 'PRECISION': 0.3333333333333333, 'RECALL': 0.5, 'MCC': 0.04041022548488858, 'Confusion': array([[50, 42], [21, 21]], dtype=int64)}
CC;PCA;LR;58;30;{'C': 10.0};{'BAL_ACC': 0.5445134575569358, 'AUC_SCORE': 0.5967908902691512, 'PRECISION': 0.3548387096774194, 'RECALL': 0.5238095238095238, 'MCC': 0.08282811746517744, 'Confusion': array([[52, 40], [20, 22]], dtype=int64)}
CC;PCA;LR;59;7;{'C': 10.0};{'BAL_ACC': 0.5411490683229814, 'AUC_SCORE': 0.6218944099378881, 'PRECISION': 0.34782608695652173, 'RECALL': 0.5714285714285714, 'MCC': 0.07638838660648953, 'Confusion': array([[47, 45], [18, 24]], dtype=int64)}
CC;PCA;LR;60;4;{'C': 100.0};{'BAL_ACC': 0.5703933747412009, 'AUC_SCORE': 0.6573498964803313, 'PRECISION': 0.37142857142857144, 'RECALL': 0.6190476190476191, 'MCC': 0.1307498904998402, 'Confusion': array([[48, 44], [16, 26]], dtype=int64)}
CC;PCA;LR;61;8;{'C': 0.1};{'BAL_ACC': 0.6149068322981367, 'AUC_SCORE': 0.6441511387163561, 'PRECISION': 0.4153846153846154, 'RECALL': 0.6428571428571429, 'MCC': 0.21331096637283867, 'Confusion': array([[54, 38], [15, 27]], dtype=int64)}
CC;PCA;LR;62;30;{'C': 1.0};{'BAL_ACC': 0.49042443064182195, 'AUC_SCORE': 0.5571946169772256, 'PRECISION': 0.30357142857142855, 'RECALL': 0.40476190476190477, 'MCC': -0.018012410919078948, 'Confusion': array([[53, 39], [25, 17]], dtype=int64)}
CC;PCA;LR;63;4;{'C': 0.1};{'BAL_ACC': 0.6125776397515528, 'AUC_SCORE': 0.6162008281573499, 'PRECISION': 0.4, 'RECALL': 0.7142857142857143, 'MCC': 0.21039918646472322, 'Confusion': array([[47, 45], [12, 30]], dtype=int64)}
CC;PCA;LR;64;4;{'C': 10.0};{'BAL_ACC': 0.5944616977225673, 'AUC_SCORE': 0.6128364389233955, 'PRECISION': 0.4107142857142857, 'RECALL': 0.5476190476190477, 'MCC': 0.17768999960713017, 'Confusion': array([[59, 33], [19, 23]], dtype=int64)}
CC;PCA;LR;65;4;{'C': 1.0};{'BAL_ACC': 0.6322463768115942, 'AUC_SCORE': 0.6513975155279503, 'PRECISION': 0.4307692307692308, 'RECALL': 0.6666666666666666, 'MCC': 0.24549978337054182, 'Confusion': array([[55, 37], [14, 28]], dtype=int64)}
CC;PCA;LR;66;8;{'C': 10.0};{'BAL_ACC': 0.583592132505176, 'AUC_SCORE': 0.6156832298136646, 'PRECISION': 0.39655172413793105, 'RECALL': 0.5476190476190477, 'MCC': 0.15652840728123396, 'Confusion': array([[57, 35], [19, 23]], dtype=int64)}
CC;PCA;LR;67;4;{'C': 0.1};{'BAL_ACC': 0.5636645962732919, 'AUC_SCORE': 0.6363871635610766, 'PRECISION': 0.35714285714285715, 'RECALL': 0.7142857142857143, 'MCC': 0.12212987109057236, 'Confusion': array([[38, 54], [12, 30]], dtype=int64)}
CC;PCA;LR;68;30;{'C': 100.0};{'BAL_ACC': 0.6151656314699794, 'AUC_SCORE': 0.6169772256728778, 'PRECISION': 0.4489795918367347, 'RECALL': 0.5238095238095238, 'MCC': 0.2218523047931483, 'Confusion': array([[65, 27], [20, 22]], dtype=int64)}
CC;PCA;LR;69;4;{'C': 0.1};{'BAL_ACC': 0.5476190476190477, 'AUC_SCORE': 0.5556418219461698, 'PRECISION': 0.352112676056338, 'RECALL': 0.5952380952380952, 'MCC': 0.0885176367764226, 'Confusion': array([[46, 46], [17, 25]], dtype=int64)}
CC;PCA;LR;70;15;{'C': 10.0};{'BAL_ACC': 0.5758281573498965, 'AUC_SCORE': 0.5716873706004141, 'PRECISION': 0.37681159420289856, 'RECALL': 0.6190476190476191, 'MCC': 0.1407660206018958, 'Confusion': array([[49, 43], [16, 26]], dtype=int64)}
CC;PCA;LR;71;50;{'C': 10.0};{'BAL_ACC': 0.5533126293995859, 'AUC_SCORE': 0.5988612836438924, 'PRECISION': 0.37037037037037035, 'RECALL': 0.47619047619047616, 'MCC': 0.10084091641052063, 'Confusion': array([[58, 34], [22, 20]], dtype=int64)}
CC;PCA;LR;72;4;{'C': 0.1};{'BAL_ACC': 0.5163043478260869, 'AUC_SCORE': 0.5703933747412008, 'PRECISION': 0.328125, 'RECALL': 0.5, 'MCC': 0.03028398199077181, 'Confusion': array([[49, 43], [21, 21]], dtype=int64)}
CC;PCA;LR;73;4;{'C': 100.0};{'BAL_ACC': 0.6420807453416149, 'AUC_SCORE': 0.6783126293995859, 'PRECISION': 0.45, 'RECALL': 0.6428571428571429, 'MCC': 0.26508935972975955, 'Confusion': array([[59, 33], [15, 27]], dtype=int64)}
CC;PCA;LR;74;7;{'C': 1.0};{'BAL_ACC': 0.5401138716356109, 'AUC_SCORE': 0.6180124223602484, 'PRECISION': 0.3484848484848485, 'RECALL': 0.5476190476190477, 'MCC': 0.07444177343649513, 'Confusion': array([[49, 43], [19, 23]], dtype=int64)}
CC;PCA;LR;75;4;{'C': 1.0};{'BAL_ACC': 0.5434782608695652, 'AUC_SCORE': 0.5719461697722568, 'PRECISION': 0.3559322033898305, 'RECALL': 0.5, 'MCC': 0.08125761684154828, 'Confusion': array([[54, 38], [21, 21]], dtype=int64)}
CC;PCA;LR;76;4;{'C': 100.0};{'BAL_ACC': 0.6017080745341615, 'AUC_SCORE': 0.6457039337474121, 'PRECISION': 0.38961038961038963, 'RECALL': 0.7142857142857143, 'MCC': 0.19086275869356492, 'Confusion': array([[45, 47], [12, 30]], dtype=int64)}
CC;PCA;LR;77;20;{'C': 1.0};{'BAL_ACC': 0.5163043478260869, 'AUC_SCORE': 0.5543478260869565, 'PRECISION': 0.328125, 'RECALL': 0.5, 'MCC': 0.03028398199077181, 'Confusion': array([[49, 43], [21, 21]], dtype=int64)}
CC;PCA;LR;78;4;{'C': 1.0};{'BAL_ACC': 0.6017080745341615, 'AUC_SCORE': 0.6394927536231884, 'PRECISION': 0.38961038961038963, 'RECALL': 0.7142857142857143, 'MCC': 0.19086275869356492, 'Confusion': array([[45, 47], [12, 30]], dtype=int64)}
CC;PCA;LR;79;30;{'C': 10.0};{'BAL_ACC': 0.5553830227743272, 'AUC_SCORE': 0.5533126293995859, 'PRECISION': 0.36666666666666664, 'RECALL': 0.5238095238095238, 'MCC': 0.10333173585094452, 'Confusion': array([[54, 38], [20, 22]], dtype=int64)}
CC;PCA;LR;80;4;{'C': 100.0};{'BAL_ACC': 0.6030020703933747, 'AUC_SCORE': 0.6291407867494824, 'PRECISION': 0.40625, 'RECALL': 0.6190476190476191, 'MCC': 0.1913178544813838, 'Confusion': array([[54, 38], [16, 26]], dtype=int64)}
CC;PCA;LR;81;10;{'C': 0.1};{'BAL_ACC': 0.6213768115942029, 'AUC_SCORE': 0.6677018633540373, 'PRECISION': 0.417910447761194, 'RECALL': 0.6666666666666666, 'MCC': 0.2252213082307254, 'Confusion': array([[53, 39], [14, 28]], dtype=int64)}
CC;PCA;LR;82;40;{'C': 100.0};{'BAL_ACC': 0.5033643892339544, 'AUC_SCORE': 0.5023291925465839, 'PRECISION': 0.31666666666666665, 'RECALL': 0.4523809523809524, 'MCC': 0.0062771615236555086, 'Confusion': array([[51, 41], [23, 19]], dtype=int64)}
CC;PCA;LR;83;6;{'C': 1.0};{'BAL_ACC': 0.5315734989648033, 'AUC_SCORE': 0.5934265010351967, 'PRECISION': 0.3448275862068966, 'RECALL': 0.47619047619047616, 'MCC': 0.059122184793531096, 'Confusion': array([[54, 38], [22, 20]], dtype=int64)}
CC;PCA;LR;84;5;{'C': 1.0};{'BAL_ACC': 0.5768633540372672, 'AUC_SCORE': 0.562888198757764, 'PRECISION': 0.375, 'RECALL': 0.6428571428571429, 'MCC': 0.14302297027417268, 'Confusion': array([[47, 45], [15, 27]], dtype=int64)}
CC;PCA;LR;85;30;{'C': 1.0};{'BAL_ACC': 0.5747929606625259, 'AUC_SCORE': 0.6030020703933748, 'PRECISION': 0.3787878787878788, 'RECALL': 0.5952380952380952, 'MCC': 0.13879788724611028, 'Confusion': array([[51, 41], [17, 25]], dtype=int64)}
CC;PCA;LR;86;8;{'C': 1.0};{'BAL_ACC': 0.542184265010352, 'AUC_SCORE': 0.5703933747412008, 'PRECISION': 0.3472222222222222, 'RECALL': 0.5952380952380952, 'MCC': 0.07849408806292979, 'Confusion': array([[45, 47], [17, 25]], dtype=int64)}
CC;PCA;LR;87;7;{'C': 0.1};{'BAL_ACC': 0.6169772256728778, 'AUC_SCORE': 0.630952380952381, 'PRECISION': 0.4084507042253521, 'RECALL': 0.6904761904761905, 'MCC': 0.21744549903773377, 'Confusion': array([[50, 42], [13, 29]], dtype=int64)}
CC;PCA;LR;88;40;{'C': 100.0};{'BAL_ACC': 0.5098343685300206, 'AUC_SCORE': 0.49171842650103514, 'PRECISION': 0.3225806451612903, 'RECALL': 0.47619047619047616, 'MCC': 0.01829923525393455, 'Confusion': array([[50, 42], [22, 20]], dtype=int64)}
CC;PCA;LR;89;4;{'C': 0.1};{'BAL_ACC': 0.562888198757764, 'AUC_SCORE': 0.6203416149068324, 'PRECISION': 0.36923076923076925, 'RECALL': 0.5714285714285714, 'MCC': 0.11674451537972928, 'Confusion': array([[51, 41], [18, 24]], dtype=int64)}
CC;PCA;LR;90;4;{'C': 0.1};{'BAL_ACC': 0.556159420289855, 'AUC_SCORE': 0.6068840579710144, 'PRECISION': 0.35443037974683544, 'RECALL': 0.6666666666666666, 'MCC': 0.10591958737651017, 'Confusion': array([[41, 51], [14, 28]], dtype=int64)}
CC;PCA;LR;91;4;{'C': 100.0};{'BAL_ACC': 0.5087991718426501, 'AUC_SCORE': 0.5126811594202898, 'PRECISION': 0.3220338983050847, 'RECALL': 0.4523809523809524, 'MCC': 0.016444993884599055, 'Confusion': array([[52, 40], [23, 19]], dtype=int64)}
CC;PCA;LR;92;40;{'C': 10.0};{'BAL_ACC': 0.5546066252587991, 'AUC_SCORE': 0.5864389233954451, 'PRECISION': 0.3902439024390244, 'RECALL': 0.38095238095238093, 'MCC': 0.10994120417838656, 'Confusion': array([[67, 25], [26, 16]], dtype=int64)}
CC;PCA;LR;93;30;{'C': 10.0};{'BAL_ACC': 0.5812629399585921, 'AUC_SCORE': 0.5846273291925466, 'PRECISION': 0.38235294117647056, 'RECALL': 0.6190476190476191, 'MCC': 0.15080462489715787, 'Confusion': array([[50, 42], [16, 26]], dtype=int64)}
CC;PCA;LR;94;7;{'C': 0.1};{'BAL_ACC': 0.5367494824016563, 'AUC_SCORE': 0.656055900621118, 'PRECISION': 0.3424657534246575, 'RECALL': 0.5952380952380952, 'MCC': 0.06846576003638068, 'Confusion': array([[44, 48], [17, 25]], dtype=int64)}
CC;PCA;LR;95;7;{'C': 0.1};{'BAL_ACC': 0.6366459627329193, 'AUC_SCORE': 0.6503623188405798, 'PRECISION': 0.4426229508196721, 'RECALL': 0.6428571428571429, 'MCC': 0.25457691055780984, 'Confusion': array([[58, 34], [15, 27]], dtype=int64)}
CC;PCA;LR;96;4;{'C': 0.1};{'BAL_ACC': 0.5703933747412009, 'AUC_SCORE': 0.5548654244306418, 'PRECISION': 0.37142857142857144, 'RECALL': 0.6190476190476191, 'MCC': 0.1307498904998402, 'Confusion': array([[48, 44], [16, 26]], dtype=int64)}
CC;PCA;LR;97;4;{'C': 0.1};{'BAL_ACC': 0.5877329192546584, 'AUC_SCORE': 0.6384575569358177, 'PRECISION': 0.38571428571428573, 'RECALL': 0.6428571428571429, 'MCC': 0.1629566649979626, 'Confusion': array([[49, 43], [15, 27]], dtype=int64)}
CC;PCA;LR;98;5;{'C': 10.0};{'BAL_ACC': 0.5173395445134576, 'AUC_SCORE': 0.572463768115942, 'PRECISION': 0.3283582089552239, 'RECALL': 0.5238095238095238, 'MCC': 0.03217447260438934, 'Confusion': array([[47, 45], [20, 22]], dtype=int64)}
CC;PCA;LR;99;5;{'C': 0.1};{'BAL_ACC': 0.5768633540372672, 'AUC_SCORE': 0.634575569358178, 'PRECISION': 0.375, 'RECALL': 0.6428571428571429, 'MCC': 0.14302297027417268, 'Confusion': array([[47, 45], [15, 27]], dtype=int64)}
FFT;mRMR;LRSScaler;0;6;{'logisticregression__C': 0.1};{'BAL_ACC': 0.7261029411764706, 'AUC_SCORE': 0.7904411764705883, 'PRECISION': 0.4642857142857143, 'RECALL': 0.7647058823529411, 'MCC': 0.40132980038355337, 'Confusion': array([[33, 15], [ 4, 13]], dtype=int64)}
FFT;mRMR;LRSScaler;1;50;{'logisticregression__C': 0.1};{'BAL_ACC': 0.5269607843137255, 'AUC_SCORE': 0.5588235294117647, 'PRECISION': 0.2857142857142857, 'RECALL': 0.47058823529411764, 'MCC': 0.047855043948174386, 'Confusion': array([[28, 20], [ 9,  8]], dtype=int64)}
FFT;mRMR;LRSScaler;2;5;{'logisticregression__C': 1.0};{'BAL_ACC': 0.3970588235294118, 'AUC_SCORE': 0.4362745098039216, 'PRECISION': 0.1724137931034483, 'RECALL': 0.29411764705882354, 'MCC': -0.18201783862232032, 'Confusion': array([[24, 24], [12,  5]], dtype=int64)}
FFT;mRMR;LRSScaler;3;100;{'logisticregression__C': 0.1};{'BAL_ACC': 0.5061274509803921, 'AUC_SCORE': 0.49264705882352944, 'PRECISION': 0.26666666666666666, 'RECALL': 0.47058823529411764, 'MCC': 0.010803395392536073, 'Confusion': array([[26, 22], [ 9,  8]], dtype=int64)}
FFT;mRMR;LRSScaler;4;1;{'logisticregression__C': 0.1};{'BAL_ACC': 0.6170343137254902, 'AUC_SCORE': 0.6519607843137256, 'PRECISION': 0.37037037037037035, 'RECALL': 0.5882352941176471, 'MCC': 0.20874429138145145, 'Confusion': array([[31, 17], [ 7, 10]], dtype=int64)}
FFT;mRMR;LRSScaler;5;10;{'logisticregression__C': 0.1};{'BAL_ACC': 0.5477941176470589, 'AUC_SCORE': 0.6225490196078431, 'PRECISION': 0.3076923076923077, 'RECALL': 0.47058823529411764, 'MCC': 0.08574929257125442, 'Confusion': array([[30, 18], [ 9,  8]], dtype=int64)}
FFT;mRMR;LRSScaler;6;5;{'logisticregression__C': 1.0};{'BAL_ACC': 0.6188725490196079, 'AUC_SCORE': 0.6654411764705882, 'PRECISION': 0.391304347826087, 'RECALL': 0.5294117647058824, 'MCC': 0.21850837502985138, 'Confusion': array([[34, 14], [ 8,  9]], dtype=int64)}
FFT;mRMR;LRSScaler;7;5;{'logisticregression__C': 0.1};{'BAL_ACC': 0.7052696078431373, 'AUC_SCORE': 0.7377450980392156, 'PRECISION': 0.43333333333333335, 'RECALL': 0.7647058823529411, 'MCC': 0.3619137456499585, 'Confusion': array([[31, 17], [ 4, 13]], dtype=int64)}
FFT;mRMR;LRSScaler;8;40;{'logisticregression__C': 0.1};{'BAL_ACC': 0.6709558823529411, 'AUC_SCORE': 0.6029411764705883, 'PRECISION': 0.5, 'RECALL': 0.5294117647058824, 'MCC': 0.33579478133074253, 'Confusion': array([[39,  9], [ 8,  9]], dtype=int64)}
FFT;mRMR;LRSScaler;9;1;{'logisticregression__C': 0.1};{'BAL_ACC': 0.6274509803921569, 'AUC_SCORE': 0.6911764705882354, 'PRECISION': 0.38461538461538464, 'RECALL': 0.5882352941176471, 'MCC': 0.2286647801900118, 'Confusion': array([[32, 16], [ 7, 10]], dtype=int64)}
FFT;mRMR;LRSScaler;10;2;{'logisticregression__C': 1.0};{'BAL_ACC': 0.7175245098039216, 'AUC_SCORE': 0.7450980392156862, 'PRECISION': 0.48, 'RECALL': 0.7058823529411765, 'MCC': 0.39299160545841727, 'Confusion': array([[35, 13], [ 5, 12]], dtype=int64)}
FFT;mRMR;LRSScaler;11;1;{'logisticregression__C': 1.0};{'BAL_ACC': 0.7156862745098038, 'AUC_SCORE': 0.7965686274509804, 'PRECISION': 0.4482758620689655, 'RECALL': 0.7647058823529411, 'MCC': 0.38137070949438545, 'Confusion': array([[32, 16], [ 4, 13]], dtype=int64)}
FFT;mRMR;LRSScaler;12;15;{'logisticregression__C': 0.1};{'BAL_ACC': 0.6256127450980392, 'AUC_SCORE': 0.6237745098039216, 'PRECISION': 0.36666666666666664, 'RECALL': 0.6470588235294118, 'MCC': 0.22146960554698952, 'Confusion': array([[29, 19], [ 6, 11]], dtype=int64)}
FFT;mRMR;LRSScaler;13;50;{'logisticregression__C': 10.0};{'BAL_ACC': 0.4993872549019608, 'AUC_SCORE': 0.41789215686274517, 'PRECISION': 0.2608695652173913, 'RECALL': 0.35294117647058826, 'MCC': -0.0011263318300507802, 'Confusion': array([[31, 17], [11,  6]], dtype=int64)}
FFT;mRMR;LRSScaler;14;6;{'logisticregression__C': 10.0};{'BAL_ACC': 0.5753676470588236, 'AUC_SCORE': 0.5882352941176471, 'PRECISION': 0.3225806451612903, 'RECALL': 0.5882352941176471, 'MCC': 0.13262937608548864, 'Confusion': array([[27, 21], [ 7, 10]], dtype=int64)}
FFT;mRMR;LRSScaler;15;10;{'logisticregression__C': 0.1};{'BAL_ACC': 0.6568627450980392, 'AUC_SCORE': 0.6556372549019608, 'PRECISION': 0.4074074074074074, 'RECALL': 0.6470588235294118, 'MCC': 0.279782924574092, 'Confusion': array([[32, 16], [ 6, 11]], dtype=int64)}
FFT;mRMR;LRSScaler;16;1;{'logisticregression__C': 1.0};{'BAL_ACC': 0.5704656862745098, 'AUC_SCORE': 0.6274509803921569, 'PRECISION': 0.35, 'RECALL': 0.4117647058823529, 'MCC': 0.13419350805268426, 'Confusion': array([[35, 13], [10,  7]], dtype=int64)}
FFT;mRMR;LRSScaler;17;9;{'logisticregression__C': 0.1};{'BAL_ACC': 0.6066176470588236, 'AUC_SCORE': 0.6519607843137255, 'PRECISION': 0.35714285714285715, 'RECALL': 0.5882352941176471, 'MCC': 0.18924494652232599, 'Confusion': array([[30, 18], [ 7, 10]], dtype=int64)}
FFT;mRMR;LRSScaler;18;7;{'logisticregression__C': 100.0};{'BAL_ACC': 0.6292892156862745, 'AUC_SCORE': 0.6446078431372549, 'PRECISION': 0.4090909090909091, 'RECALL': 0.5294117647058824, 'MCC': 0.2401550965988822, 'Confusion': array([[35, 13], [ 8,  9]], dtype=int64)}
FFT;mRMR;LRSScaler;19;15;{'logisticregression__C': 0.1};{'BAL_ACC': 0.6237745098039216, 'AUC_SCORE': 0.7328431372549019, 'PRECISION': 0.35294117647058826, 'RECALL': 0.7058823529411765, 'MCC': 0.2178140973111277, 'Confusion': array([[26, 22], [ 5, 12]], dtype=int64)}
FFT;mRMR;LRSScaler;20;20;{'logisticregression__C': 0.1};{'BAL_ACC': 0.6170343137254902, 'AUC_SCORE': 0.6519607843137255, 'PRECISION': 0.37037037037037035, 'RECALL': 0.5882352941176471, 'MCC': 0.20874429138145145, 'Confusion': array([[31, 17], [ 7, 10]], dtype=int64)}
FFT;mRMR;LRSScaler;21;7;{'logisticregression__C': 0.1};{'BAL_ACC': 0.6568627450980392, 'AUC_SCORE': 0.6397058823529412, 'PRECISION': 0.4074074074074074, 'RECALL': 0.6470588235294118, 'MCC': 0.279782924574092, 'Confusion': array([[32, 16], [ 6, 11]], dtype=int64)}
FFT;mRMR;LRSScaler;22;1;{'logisticregression__C': 1.0};{'BAL_ACC': 0.6121323529411764, 'AUC_SCORE': 0.5490196078431372, 'PRECISION': 0.4375, 'RECALL': 0.4117647058823529, 'MCC': 0.2287957637295766, 'Confusion': array([[39,  9], [10,  7]], dtype=int64)}
FFT;mRMR;LRSScaler;23;1;{'logisticregression__C': 0.1};{'BAL_ACC': 0.5686274509803921, 'AUC_SCORE': 0.5931372549019608, 'PRECISION': 0.3333333333333333, 'RECALL': 0.47058823529411764, 'MCC': 0.12499003626796872, 'Confusion': array([[32, 16], [ 9,  8]], dtype=int64)}
FFT;mRMR;LRSScaler;24;20;{'logisticregression__C': 0.1};{'BAL_ACC': 0.6862745098039216, 'AUC_SCORE': 0.7193627450980392, 'PRECISION': 0.42857142857142855, 'RECALL': 0.7058823529411765, 'MCC': 0.33063484909647756, 'Confusion': array([[32, 16], [ 5, 12]], dtype=int64)}
FFT;mRMR;LRSScaler;25;8;{'logisticregression__C': 1.0};{'BAL_ACC': 0.5839460784313726, 'AUC_SCORE': 0.6004901960784312, 'PRECISION': 0.3235294117647059, 'RECALL': 0.6470588235294118, 'MCC': 0.14772540263180442, 'Confusion': array([[25, 23], [ 6, 11]], dtype=int64)}
FFT;mRMR;LRSScaler;26;20;{'logisticregression__C': 0.1};{'BAL_ACC': 0.5943627450980392, 'AUC_SCORE': 0.6127450980392157, 'PRECISION': 0.3333333333333333, 'RECALL': 0.6470588235294118, 'MCC': 0.1658989672067353, 'Confusion': array([[26, 22], [ 6, 11]], dtype=int64)}
FFT;mRMR;LRSScaler;27;1;{'logisticregression__C': 10.0};{'BAL_ACC': 0.7193627450980392, 'AUC_SCORE': 0.8075980392156863, 'PRECISION': 0.5238095238095238, 'RECALL': 0.6470588235294118, 'MCC': 0.41228920298032495, 'Confusion': array([[38, 10], [ 6, 11]], dtype=int64)}
FFT;mRMR;LRSScaler;28;8;{'logisticregression__C': 10.0};{'BAL_ACC': 0.7089460784313726, 'AUC_SCORE': 0.8100490196078431, 'PRECISION': 0.5, 'RECALL': 0.6470588235294118, 'MCC': 0.388117952323312, 'Confusion': array([[37, 11], [ 6, 11]], dtype=int64)}
FFT;mRMR;LRSScaler;29;20;{'logisticregression__C': 1.0};{'BAL_ACC': 0.5373774509803921, 'AUC_SCORE': 0.5919117647058824, 'PRECISION': 0.2962962962962963, 'RECALL': 0.47058823529411764, 'MCC': 0.06666702499617036, 'Confusion': array([[29, 19], [ 9,  8]], dtype=int64)}
FFT;mRMR;LRSScaler;30;1;{'logisticregression__C': 0.1};{'BAL_ACC': 0.5962009803921569, 'AUC_SCORE': 0.6973039215686274, 'PRECISION': 0.3448275862068966, 'RECALL': 0.5882352941176471, 'MCC': 0.17010000395062078, 'Confusion': array([[29, 19], [ 7, 10]], dtype=int64)}
FFT;mRMR;LRSScaler;31;3;{'logisticregression__C': 0.1};{'BAL_ACC': 0.6691176470588236, 'AUC_SCORE': 0.7573529411764706, 'PRECISION': 0.45454545454545453, 'RECALL': 0.5882352941176471, 'MCC': 0.3141365244610971, 'Confusion': array([[36, 12], [ 7, 10]], dtype=int64)}
FFT;mRMR;LRSScaler;32;1;{'logisticregression__C': 100.0};{'BAL_ACC': 0.5998774509803921, 'AUC_SCORE': 0.6752450980392156, 'PRECISION': 0.38095238095238093, 'RECALL': 0.47058823529411764, 'MCC': 0.18771826839606973, 'Confusion': array([[35, 13], [ 9,  8]], dtype=int64)}
FFT;mRMR;LRSScaler;33;7;{'logisticregression__C': 10.0};{'BAL_ACC': 0.5600490196078431, 'AUC_SCORE': 0.5637254901960784, 'PRECISION': 0.3333333333333333, 'RECALL': 0.4117647058823529, 'MCC': 0.11286129020131799, 'Confusion': array([[34, 14], [10,  7]], dtype=int64)}
FFT;mRMR;LRSScaler;34;10;{'logisticregression__C': 100.0};{'BAL_ACC': 0.5477941176470589, 'AUC_SCORE': 0.6213235294117647, 'PRECISION': 0.3076923076923077, 'RECALL': 0.47058823529411764, 'MCC': 0.08574929257125442, 'Confusion': array([[30, 18], [ 9,  8]], dtype=int64)}
FFT;mRMR;LRSScaler;35;1;{'logisticregression__C': 10.0};{'BAL_ACC': 0.764093137254902, 'AUC_SCORE': 0.7696078431372549, 'PRECISION': 0.46875, 'RECALL': 0.8823529411764706, 'MCC': 0.4643016549746943, 'Confusion': array([[31, 17], [ 2, 15]], dtype=int64)}
FFT;mRMR;LRSScaler;36;10;{'logisticregression__C': 100.0};{'BAL_ACC': 0.6170343137254902, 'AUC_SCORE': 0.6507352941176471, 'PRECISION': 0.37037037037037035, 'RECALL': 0.5882352941176471, 'MCC': 0.20874429138145145, 'Confusion': array([[31, 17], [ 7, 10]], dtype=int64)}
FFT;mRMR;LRSScaler;37;9;{'logisticregression__C': 10.0};{'BAL_ACC': 0.5772058823529411, 'AUC_SCORE': 0.6017156862745099, 'PRECISION': 0.3333333333333333, 'RECALL': 0.5294117647058824, 'MCC': 0.1377056581888109, 'Confusion': array([[30, 18], [ 8,  9]], dtype=int64)}
FFT;mRMR;LRSScaler;38;100;{'logisticregression__C': 0.1};{'BAL_ACC': 0.6047794117647058, 'AUC_SCORE': 0.6531862745098039, 'PRECISION': 0.34375, 'RECALL': 0.6470588235294118, 'MCC': 0.18421248956072558, 'Confusion': array([[27, 21], [ 6, 11]], dtype=int64)}
FFT;mRMR;LRSScaler;39;20;{'logisticregression__C': 0.1};{'BAL_ACC': 0.7261029411764706, 'AUC_SCORE': 0.7401960784313726, 'PRECISION': 0.4642857142857143, 'RECALL': 0.7647058823529411, 'MCC': 0.40132980038355337, 'Confusion': array([[33, 15], [ 4, 13]], dtype=int64)}
FFT;mRMR;LRSScaler;40;6;{'logisticregression__C': 1.0};{'BAL_ACC': 0.6948529411764706, 'AUC_SCORE': 0.7536764705882353, 'PRECISION': 0.41935483870967744, 'RECALL': 0.7647058823529411, 'MCC': 0.34289546012345845, 'Confusion': array([[30, 18], [ 4, 13]], dtype=int64)}
FFT;mRMR;LRSScaler;41;3;{'logisticregression__C': 0.1};{'BAL_ACC': 0.5753676470588236, 'AUC_SCORE': 0.5968137254901961, 'PRECISION': 0.3225806451612903, 'RECALL': 0.5882352941176471, 'MCC': 0.13262937608548864, 'Confusion': array([[27, 21], [ 7, 10]], dtype=int64)}
FFT;mRMR;LRSScaler;42;30;{'logisticregression__C': 0.1};{'BAL_ACC': 0.6323529411764706, 'AUC_SCORE': 0.7193627450980392, 'PRECISION': 0.35135135135135137, 'RECALL': 0.7647058823529411, 'MCC': 0.2349247612001288, 'Confusion': array([[24, 24], [ 4, 13]], dtype=int64)}
FFT;mRMR;LRSScaler;43;1;{'logisticregression__C': 1.0};{'BAL_ACC': 0.5545343137254902, 'AUC_SCORE': 0.5784313725490197, 'PRECISION': 0.30303030303030304, 'RECALL': 0.5882352941176471, 'MCC': 0.09587667585324314, 'Confusion': array([[25, 23], [ 7, 10]], dtype=int64)}
FFT;mRMR;LRSScaler;44;3;{'logisticregression__C': 0.1};{'BAL_ACC': 0.5753676470588236, 'AUC_SCORE': 0.6151960784313726, 'PRECISION': 0.3225806451612903, 'RECALL': 0.5882352941176471, 'MCC': 0.13262937608548864, 'Confusion': array([[27, 21], [ 7, 10]], dtype=int64)}
FFT;mRMR;LRSScaler;45;5;{'logisticregression__C': 0.1};{'BAL_ACC': 0.6047794117647058, 'AUC_SCORE': 0.6225490196078431, 'PRECISION': 0.34375, 'RECALL': 0.6470588235294118, 'MCC': 0.18421248956072558, 'Confusion': array([[27, 21], [ 6, 11]], dtype=int64)}
FFT;mRMR;LRSScaler;46;20;{'logisticregression__C': 0.1};{'BAL_ACC': 0.5998774509803921, 'AUC_SCORE': 0.5649509803921569, 'PRECISION': 0.38095238095238093, 'RECALL': 0.47058823529411764, 'MCC': 0.18771826839606973, 'Confusion': array([[35, 13], [ 9,  8]], dtype=int64)}
FFT;mRMR;LRSScaler;47;1;{'logisticregression__C': 1.0};{'BAL_ACC': 0.5980392156862745, 'AUC_SCORE': 0.6200980392156863, 'PRECISION': 0.36, 'RECALL': 0.5294117647058824, 'MCC': 0.17712297710801905, 'Confusion': array([[32, 16], [ 8,  9]], dtype=int64)}
FFT;mRMR;LRSScaler;48;9;{'logisticregression__C': 1.0};{'BAL_ACC': 0.5980392156862745, 'AUC_SCORE': 0.6568627450980392, 'PRECISION': 0.36, 'RECALL': 0.5294117647058824, 'MCC': 0.17712297710801905, 'Confusion': array([[32, 16], [ 8,  9]], dtype=int64)}
FFT;mRMR;LRSScaler;49;15;{'logisticregression__C': 0.1};{'BAL_ACC': 0.5441176470588236, 'AUC_SCORE': 0.5625000000000001, 'PRECISION': 0.29411764705882354, 'RECALL': 0.5882352941176471, 'MCC': 0.07763670795248115, 'Confusion': array([[24, 24], [ 7, 10]], dtype=int64)}
FFT;mRMR;LRSScaler;50;1;{'logisticregression__C': 1.0};{'BAL_ACC': 0.6170343137254902, 'AUC_SCORE': 0.6029411764705883, 'PRECISION': 0.37037037037037035, 'RECALL': 0.5882352941176471, 'MCC': 0.20874429138145145, 'Confusion': array([[31, 17], [ 7, 10]], dtype=int64)}
FFT;mRMR;LRSScaler;51;1;{'logisticregression__C': 10.0};{'BAL_ACC': 0.6017156862745098, 'AUC_SCORE': 0.6531862745098038, 'PRECISION': 0.4117647058823529, 'RECALL': 0.4117647058823529, 'MCC': 0.2034313725490196, 'Confusion': array([[38, 10], [10,  7]], dtype=int64)}
FFT;mRMR;LRSScaler;52;1;{'logisticregression__C': 10.0};{'BAL_ACC': 0.7279411764705883, 'AUC_SCORE': 0.7316176470588235, 'PRECISION': 0.5, 'RECALL': 0.7058823529411765, 'MCC': 0.41514547760432463, 'Confusion': array([[36, 12], [ 5, 12]], dtype=int64)}
FFT;mRMR;LRSScaler;53;1;{'logisticregression__C': 0.1};{'BAL_ACC': 0.5839460784313726, 'AUC_SCORE': 0.685049019607843, 'PRECISION': 0.3235294117647059, 'RECALL': 0.6470588235294118, 'MCC': 0.14772540263180442, 'Confusion': array([[25, 23], [ 6, 11]], dtype=int64)}
FFT;mRMR;LRSScaler;54;6;{'logisticregression__C': 100.0};{'BAL_ACC': 0.5269607843137255, 'AUC_SCORE': 0.5245098039215687, 'PRECISION': 0.2857142857142857, 'RECALL': 0.47058823529411764, 'MCC': 0.047855043948174386, 'Confusion': array([[28, 20], [ 9,  8]], dtype=int64)}
FFT;mRMR;LRSScaler;55;30;{'logisticregression__C': 0.1};{'BAL_ACC': 0.6464460784313726, 'AUC_SCORE': 0.6911764705882353, 'PRECISION': 0.39285714285714285, 'RECALL': 0.6470588235294118, 'MCC': 0.2599398978094018, 'Confusion': array([[31, 17], [ 6, 11]], dtype=int64)}
FFT;mRMR;LRSScaler;56;15;{'logisticregression__C': 0.1};{'BAL_ACC': 0.7659313725490196, 'AUC_SCORE': 0.7781862745098039, 'PRECISION': 0.5, 'RECALL': 0.8235294117647058, 'MCC': 0.4720247516706292, 'Confusion': array([[34, 14], [ 3, 14]], dtype=int64)}
FFT;mRMR;LRSScaler;57;75;{'logisticregression__C': 0.1};{'BAL_ACC': 0.5165441176470589, 'AUC_SCORE': 0.5772058823529411, 'PRECISION': 0.27586206896551724, 'RECALL': 0.47058823529411764, 'MCC': 0.029252866921444336, 'Confusion': array([[27, 21], [ 9,  8]], dtype=int64)}
FFT;mRMR;LRSScaler;58;15;{'logisticregression__C': 0.1};{'BAL_ACC': 0.5753676470588236, 'AUC_SCORE': 0.573529411764706, 'PRECISION': 0.3225806451612903, 'RECALL': 0.5882352941176471, 'MCC': 0.13262937608548864, 'Confusion': array([[27, 21], [ 7, 10]], dtype=int64)}
FFT;mRMR;LRSScaler;59;6;{'logisticregression__C': 0.1};{'BAL_ACC': 0.6464460784313726, 'AUC_SCORE': 0.6274509803921569, 'PRECISION': 0.39285714285714285, 'RECALL': 0.6470588235294118, 'MCC': 0.2599398978094018, 'Confusion': array([[31, 17], [ 6, 11]], dtype=int64)}
FFT;mRMR;LRSScaler;60;6;{'logisticregression__C': 1.0};{'BAL_ACC': 0.6654411764705883, 'AUC_SCORE': 0.6850490196078431, 'PRECISION': 0.4, 'RECALL': 0.7058823529411765, 'MCC': 0.291691675598474, 'Confusion': array([[30, 18], [ 5, 12]], dtype=int64)}
FFT;mRMR;LRSScaler;61;6;{'logisticregression__C': 1.0};{'BAL_ACC': 0.5392156862745098, 'AUC_SCORE': 0.5183823529411765, 'PRECISION': 0.30434782608695654, 'RECALL': 0.4117647058823529, 'MCC': 0.07208523712324993, 'Confusion': array([[32, 16], [10,  7]], dtype=int64)}
FFT;mRMR;LRSScaler;62;20;{'logisticregression__C': 0.1};{'BAL_ACC': 0.5355392156862745, 'AUC_SCORE': 0.5968137254901961, 'PRECISION': 0.2903225806451613, 'RECALL': 0.5294117647058824, 'MCC': 0.06254068140616538, 'Confusion': array([[26, 22], [ 8,  9]], dtype=int64)}
FFT;mRMR;LRSScaler;63;6;{'logisticregression__C': 10.0};{'BAL_ACC': 0.5251225490196079, 'AUC_SCORE': 0.5098039215686275, 'PRECISION': 0.28125, 'RECALL': 0.5294117647058824, 'MCC': 0.04416790685374122, 'Confusion': array([[25, 23], [ 8,  9]], dtype=int64)}
FFT;mRMR;LRSScaler;64;2;{'logisticregression__C': 1.0};{'BAL_ACC': 0.5563725490196079, 'AUC_SCORE': 0.6213235294117647, 'PRECISION': 0.3103448275862069, 'RECALL': 0.5294117647058824, 'MCC': 0.09967643543603256, 'Confusion': array([[28, 20], [ 8,  9]], dtype=int64)}
FFT;mRMR;LRSScaler;65;6;{'logisticregression__C': 0.1};{'BAL_ACC': 0.5962009803921569, 'AUC_SCORE': 0.5808823529411765, 'PRECISION': 0.3448275862068966, 'RECALL': 0.5882352941176471, 'MCC': 0.17010000395062078, 'Confusion': array([[29, 19], [ 7, 10]], dtype=int64)}
FFT;mRMR;LRSScaler;66;40;{'logisticregression__C': 0.1};{'BAL_ACC': 0.48039215686274506, 'AUC_SCORE': 0.45465686274509803, 'PRECISION': 0.23809523809523808, 'RECALL': 0.29411764705882354, 'MCC': -0.036852666188185466, 'Confusion': array([[32, 16], [12,  5]], dtype=int64)}
FFT;mRMR;LRSScaler;67;2;{'logisticregression__C': 1.0};{'BAL_ACC': 0.6568627450980392, 'AUC_SCORE': 0.6948529411764706, 'PRECISION': 0.4074074074074074, 'RECALL': 0.6470588235294118, 'MCC': 0.279782924574092, 'Confusion': array([[32, 16], [ 6, 11]], dtype=int64)}
FFT;mRMR;LRSScaler;68;10;{'logisticregression__C': 1.0};{'BAL_ACC': 0.5980392156862745, 'AUC_SCORE': 0.6470588235294117, 'PRECISION': 0.36, 'RECALL': 0.5294117647058824, 'MCC': 0.17712297710801905, 'Confusion': array([[32, 16], [ 8,  9]], dtype=int64)}
FFT;mRMR;LRSScaler;69;50;{'logisticregression__C': 0.1};{'BAL_ACC': 0.5667892156862745, 'AUC_SCORE': 0.6446078431372549, 'PRECISION': 0.32142857142857145, 'RECALL': 0.5294117647058824, 'MCC': 0.11854999523525019, 'Confusion': array([[29, 19], [ 8,  9]], dtype=int64)}
FFT;mRMR;LRSScaler;70;4;{'logisticregression__C': 0.1};{'BAL_ACC': 0.7052696078431373, 'AUC_SCORE': 0.6740196078431372, 'PRECISION': 0.43333333333333335, 'RECALL': 0.7647058823529411, 'MCC': 0.3619137456499585, 'Confusion': array([[31, 17], [ 4, 13]], dtype=int64)}
FFT;mRMR;LRSScaler;71;30;{'logisticregression__C': 10.0};{'BAL_ACC': 0.49754901960784315, 'AUC_SCORE': 0.5, 'PRECISION': 0.25925925925925924, 'RECALL': 0.4117647058823529, 'MCC': -0.004371608196470187, 'Confusion': array([[28, 20], [10,  7]], dtype=int64)}
FFT;mRMR;LRSScaler;72;3;{'logisticregression__C': 0.1};{'BAL_ACC': 0.5980392156862745, 'AUC_SCORE': 0.6544117647058824, 'PRECISION': 0.36, 'RECALL': 0.5294117647058824, 'MCC': 0.17712297710801905, 'Confusion': array([[32, 16], [ 8,  9]], dtype=int64)}
FFT;mRMR;LRSScaler;73;20;{'logisticregression__C': 0.1};{'BAL_ACC': 0.6654411764705883, 'AUC_SCORE': 0.7671568627450981, 'PRECISION': 0.4, 'RECALL': 0.7058823529411765, 'MCC': 0.291691675598474, 'Confusion': array([[30, 18], [ 5, 12]], dtype=int64)}
FFT;mRMR;LRSScaler;74;1;{'logisticregression__C': 10.0};{'BAL_ACC': 0.6311274509803921, 'AUC_SCORE': 0.6629901960784313, 'PRECISION': 0.4444444444444444, 'RECALL': 0.47058823529411764, 'MCC': 0.2575630222393509, 'Confusion': array([[38, 10], [ 9,  8]], dtype=int64)}
FFT;mRMR;LRSScaler;75;7;{'logisticregression__C': 1.0};{'BAL_ACC': 0.48897058823529416, 'AUC_SCORE': 0.45710784313725494, 'PRECISION': 0.25, 'RECALL': 0.35294117647058826, 'MCC': -0.020087684400209256, 'Confusion': array([[30, 18], [11,  6]], dtype=int64)}
FFT;mRMR;LRSScaler;76;9;{'logisticregression__C': 100.0};{'BAL_ACC': 0.5079656862745098, 'AUC_SCORE': 0.5343137254901961, 'PRECISION': 0.2692307692307692, 'RECALL': 0.4117647058823529, 'MCC': 0.014291548761875737, 'Confusion': array([[29, 19], [10,  7]], dtype=int64)}
FFT;mRMR;LRSScaler;77;15;{'logisticregression__C': 0.1};{'BAL_ACC': 0.6568627450980392, 'AUC_SCORE': 0.7438725490196079, 'PRECISION': 0.4074074074074074, 'RECALL': 0.6470588235294118, 'MCC': 0.279782924574092, 'Confusion': array([[32, 16], [ 6, 11]], dtype=int64)}
FFT;mRMR;LRSScaler;78;100;{'logisticregression__C': 0.1};{'BAL_ACC': 0.4215686274509804, 'AUC_SCORE': 0.4129901960784314, 'PRECISION': 0.15789473684210525, 'RECALL': 0.17647058823529413, 'MCC': -0.15156857724157566, 'Confusion': array([[32, 16], [14,  3]], dtype=int64)}
FFT;mRMR;LRSScaler;79;20;{'logisticregression__C': 0.1};{'BAL_ACC': 0.6170343137254902, 'AUC_SCORE': 0.6066176470588236, 'PRECISION': 0.37037037037037035, 'RECALL': 0.5882352941176471, 'MCC': 0.20874429138145145, 'Confusion': array([[31, 17], [ 7, 10]], dtype=int64)}
FFT;mRMR;LRSScaler;80;20;{'logisticregression__C': 0.1};{'BAL_ACC': 0.5287990196078431, 'AUC_SCORE': 0.482843137254902, 'PRECISION': 0.2916666666666667, 'RECALL': 0.4117647058823529, 'MCC': 0.052451175933879726, 'Confusion': array([[31, 17], [10,  7]], dtype=int64)}
FFT;mRMR;LRSScaler;81;4;{'logisticregression__C': 1.0};{'BAL_ACC': 0.4283088235294118, 'AUC_SCORE': 0.5514705882352942, 'PRECISION': 0.19230769230769232, 'RECALL': 0.29411764705882354, 'MCC': -0.12862393885688164, 'Confusion': array([[27, 21], [12,  5]], dtype=int64)}
FFT;mRMR;LRSScaler;82;15;{'logisticregression__C': 10.0};{'BAL_ACC': 0.4993872549019608, 'AUC_SCORE': 0.48774509803921573, 'PRECISION': 0.2608695652173913, 'RECALL': 0.35294117647058826, 'MCC': -0.0011263318300507802, 'Confusion': array([[31, 17], [11,  6]], dtype=int64)}
FFT;mRMR;LRSScaler;83;3;{'logisticregression__C': 0.1};{'BAL_ACC': 0.6170343137254902, 'AUC_SCORE': 0.6372549019607844, 'PRECISION': 0.37037037037037035, 'RECALL': 0.5882352941176471, 'MCC': 0.20874429138145145, 'Confusion': array([[31, 17], [ 7, 10]], dtype=int64)}
FFT;mRMR;LRSScaler;84;7;{'logisticregression__C': 0.1};{'BAL_ACC': 0.5496323529411764, 'AUC_SCORE': 0.5159313725490197, 'PRECISION': 0.3181818181818182, 'RECALL': 0.4117647058823529, 'MCC': 0.09219224087445241, 'Confusion': array([[33, 15], [10,  7]], dtype=int64)}
FFT;mRMR;LRSScaler;85;40;{'logisticregression__C': 0.1};{'BAL_ACC': 0.6341911764705883, 'AUC_SCORE': 0.696078431372549, 'PRECISION': 0.36363636363636365, 'RECALL': 0.7058823529411765, 'MCC': 0.2359212585602275, 'Confusion': array([[27, 21], [ 5, 12]], dtype=int64)}
FFT;mRMR;LRSScaler;86;30;{'logisticregression__C': 0.1};{'BAL_ACC': 0.5147058823529411, 'AUC_SCORE': 0.5379901960784313, 'PRECISION': 0.2727272727272727, 'RECALL': 0.5294117647058824, 'MCC': 0.025854384499750957, 'Confusion': array([[24, 24], [ 8,  9]], dtype=int64)}
FFT;mRMR;LRSScaler;87;1;{'logisticregression__C': 10.0};{'BAL_ACC': 0.4993872549019608, 'AUC_SCORE': 0.517156862745098, 'PRECISION': 0.2608695652173913, 'RECALL': 0.35294117647058826, 'MCC': -0.0011263318300507802, 'Confusion': array([[31, 17], [11,  6]], dtype=int64)}
FFT;mRMR;LRSScaler;88;1;{'logisticregression__C': 1.0};{'BAL_ACC': 0.6844362745098038, 'AUC_SCORE': 0.7009803921568627, 'PRECISION': 0.40625, 'RECALL': 0.7647058823529411, 'MCC': 0.32425707226770994, 'Confusion': array([[29, 19], [ 4, 13]], dtype=int64)}
FFT;mRMR;LRSScaler;89;3;{'logisticregression__C': 0.1};{'BAL_ACC': 0.6151960784313726, 'AUC_SCORE': 0.6825980392156863, 'PRECISION': 0.3548387096774194, 'RECALL': 0.6470588235294118, 'MCC': 0.2027180707648119, 'Confusion': array([[28, 20], [ 6, 11]], dtype=int64)}
FFT;mRMR;LRSScaler;90;8;{'logisticregression__C': 100.0};{'BAL_ACC': 0.6378676470588236, 'AUC_SCORE': 0.6531862745098039, 'PRECISION': 0.4, 'RECALL': 0.5882352941176471, 'MCC': 0.2490791865581518, 'Confusion': array([[33, 15], [ 7, 10]], dtype=int64)}
FFT;mRMR;LRSScaler;91;4;{'logisticregression__C': 10.0};{'BAL_ACC': 0.6292892156862745, 'AUC_SCORE': 0.678921568627451, 'PRECISION': 0.4090909090909091, 'RECALL': 0.5294117647058824, 'MCC': 0.2401550965988822, 'Confusion': array([[35, 13], [ 8,  9]], dtype=int64)}
FFT;mRMR;LRSScaler;92;3;{'logisticregression__C': 0.1};{'BAL_ACC': 0.6170343137254902, 'AUC_SCORE': 0.5563725490196079, 'PRECISION': 0.37037037037037035, 'RECALL': 0.5882352941176471, 'MCC': 0.20874429138145145, 'Confusion': array([[31, 17], [ 7, 10]], dtype=int64)}
FFT;mRMR;LRSScaler;93;9;{'logisticregression__C': 0.1};{'BAL_ACC': 0.5600490196078431, 'AUC_SCORE': 0.6629901960784315, 'PRECISION': 0.3333333333333333, 'RECALL': 0.4117647058823529, 'MCC': 0.11286129020131799, 'Confusion': array([[34, 14], [10,  7]], dtype=int64)}
FFT;mRMR;LRSScaler;94;3;{'logisticregression__C': 1.0};{'BAL_ACC': 0.6587009803921569, 'AUC_SCORE': 0.6470588235294117, 'PRECISION': 0.43478260869565216, 'RECALL': 0.5882352941176471, 'MCC': 0.2917199439831521, 'Confusion': array([[35, 13], [ 7, 10]], dtype=int64)}
FFT;mRMR;LRSScaler;95;4;{'logisticregression__C': 10.0};{'BAL_ACC': 0.4681372549019608, 'AUC_SCORE': 0.4767156862745099, 'PRECISION': 0.23076923076923078, 'RECALL': 0.35294117647058826, 'MCC': -0.05716619504750295, 'Confusion': array([[28, 20], [11,  6]], dtype=int64)}
FFT;mRMR;LRSScaler;96;15;{'logisticregression__C': 0.1};{'BAL_ACC': 0.6427696078431373, 'AUC_SCORE': 0.631127450980392, 'PRECISION': 0.3611111111111111, 'RECALL': 0.7647058823529411, 'MCC': 0.25244140713690855, 'Confusion': array([[25, 23], [ 4, 13]], dtype=int64)}
FFT;mRMR;LRSScaler;97;40;{'logisticregression__C': 0.1};{'BAL_ACC': 0.5735294117647058, 'AUC_SCORE': 0.5796568627450981, 'PRECISION': 0.3142857142857143, 'RECALL': 0.6470588235294118, 'MCC': 0.12964074471043288, 'Confusion': array([[24, 24], [ 6, 11]], dtype=int64)}
FFT;mRMR;LRSScaler;98;100;{'logisticregression__C': 0.1};{'BAL_ACC': 0.6862745098039216, 'AUC_SCORE': 0.6948529411764707, 'PRECISION': 0.42857142857142855, 'RECALL': 0.7058823529411765, 'MCC': 0.33063484909647756, 'Confusion': array([[32, 16], [ 5, 12]], dtype=int64)}
FFT;mRMR;LRSScaler;99;10;{'logisticregression__C': 0.1};{'BAL_ACC': 0.6170343137254902, 'AUC_SCORE': 0.588235294117647, 'PRECISION': 0.37037037037037035, 'RECALL': 0.5882352941176471, 'MCC': 0.20874429138145145, 'Confusion': array([[31, 17], [ 7, 10]], dtype=int64)}
DFT_BASE;PLS;SVC;0;2;{'gamma': 0.001, 'C': 1000.0};{'BAL_ACC': 0.545807453416149, 'AUC_SCORE': 0.593944099378882, 'PRECISION': 0.3673469387755102, 'RECALL': 0.42857142857142855, 'MCC': 0.08824237741210618, 'Confusion': array([[61, 31], [24, 18]], dtype=int64)}
DFT_BASE;PLS;SVC;1;3;{'gamma': 0.001, 'C': 1000.0};{'BAL_ACC': 0.5879917184265011, 'AUC_SCORE': 0.647256728778468, 'PRECISION': 0.4074074074074074, 'RECALL': 0.5238095238095238, 'MCC': 0.1664364639785292, 'Confusion': array([[60, 32], [20, 22]], dtype=int64)}
DFT_BASE;PLS;SVC;2;4;{'gamma': 0.01, 'C': 1.0};{'BAL_ACC': 0.5186335403726708, 'AUC_SCORE': 0.5419254658385093, 'PRECISION': 0.3333333333333333, 'RECALL': 0.42857142857142855, 'MCC': 0.035245368842512066, 'Confusion': array([[56, 36], [24, 18]], dtype=int64)}
DFT_BASE;PLS;SVC;3;2;{'gamma': 0.001, 'C': 1000.0};{'BAL_ACC': 0.5729813664596273, 'AUC_SCORE': 0.6495859213250518, 'PRECISION': 0.4090909090909091, 'RECALL': 0.42857142857142855, 'MCC': 0.14418263299786446, 'Confusion': array([[66, 26], [24, 18]], dtype=int64)}
DFT_BASE;PLS;SVC;4;3;{'gamma': 0.01, 'C': 10.0};{'BAL_ACC': 0.5825569358178053, 'AUC_SCORE': 0.6004140786749482, 'PRECISION': 0.4, 'RECALL': 0.5238095238095238, 'MCC': 0.15570667453044582, 'Confusion': array([[59, 33], [20, 22]], dtype=int64)}
DFT_BASE;PLS;SVC;5;3;{'gamma': 0.001, 'C': 1000.0};{'BAL_ACC': 0.5781573498964804, 'AUC_SCORE': 0.5802277432712215, 'PRECISION': 0.3898305084745763, 'RECALL': 0.5476190476190477, 'MCC': 0.1460702397984975, 'Confusion': array([[56, 36], [19, 23]], dtype=int64)}
DFT_BASE;PLS;SVC;6;2;{'gamma': 0.01, 'C': 1000.0};{'BAL_ACC': 0.6141304347826086, 'AUC_SCORE': 0.6410455486542442, 'PRECISION': 0.45652173913043476, 'RECALL': 0.5, 'MCC': 0.22301279173137262, 'Confusion': array([[67, 25], [21, 21]], dtype=int64)}
DFT_BASE;PLS;SVC;7;3;{'gamma': 0.001, 'C': 1.0};{'BAL_ACC': 0.5543478260869565, 'AUC_SCORE': 0.5882505175983437, 'PRECISION': 0.3684210526315789, 'RECALL': 0.5, 'MCC': 0.10198773365304996, 'Confusion': array([[56, 36], [21, 21]], dtype=int64)}
DFT_BASE;PLS;SVC;8;15;{'gamma': 0.01, 'C': 1.0};{'BAL_ACC': 0.6661490683229814, 'AUC_SCORE': 0.6855590062111802, 'PRECISION': 0.5217391304347826, 'RECALL': 0.5714285714285714, 'MCC': 0.3246580777585969, 'Confusion': array([[70, 22], [18, 24]], dtype=int64)}
DFT_BASE;PLS;SVC;9;2;{'gamma': 0.01, 'C': 1.0};{'BAL_ACC': 0.562111801242236, 'AUC_SCORE': 0.6081780538302277, 'PRECISION': 0.391304347826087, 'RECALL': 0.42857142857142855, 'MCC': 0.12136750570414837, 'Confusion': array([[64, 28], [24, 18]], dtype=int64)}
DFT_BASE;PLS;SVC;10;4;{'gamma': 0.001, 'C': 1000.0};{'BAL_ACC': 0.5219979296066253, 'AUC_SCORE': 0.5502070393374742, 'PRECISION': 0.3404255319148936, 'RECALL': 0.38095238095238093, 'MCC': 0.042768282217866826, 'Confusion': array([[61, 31], [26, 16]], dtype=int64)}
DFT_BASE;PLS;SVC;11;2;{'gamma': 0.001, 'C': 1.0};{'BAL_ACC': 0.6076604554865424, 'AUC_SCORE': 0.6130952380952381, 'PRECISION': 0.45454545454545453, 'RECALL': 0.47619047619047616, 'MCC': 0.21269494796848093, 'Confusion': array([[68, 24], [22, 20]], dtype=int64)}
DFT_BASE;PLS;SVC;12;3;{'gamma': 0.001, 'C': 1000.0};{'BAL_ACC': 0.6291407867494824, 'AUC_SCORE': 0.6332815734989647, 'PRECISION': 0.44642857142857145, 'RECALL': 0.5952380952380952, 'MCC': 0.24292413644919988, 'Confusion': array([[61, 31], [17, 25]], dtype=int64)}
DFT_BASE;PLS;SVC;13;2;{'gamma': 0.001, 'C': 1000.0};{'BAL_ACC': 0.6076604554865424, 'AUC_SCORE': 0.6061076604554866, 'PRECISION': 0.45454545454545453, 'RECALL': 0.47619047619047616, 'MCC': 0.21269494796848093, 'Confusion': array([[68, 24], [22, 20]], dtype=int64)}
DFT_BASE;PLS;SVC;14;2;{'gamma': 0.01, 'C': 10.0};{'BAL_ACC': 0.5186335403726708, 'AUC_SCORE': 0.5571946169772257, 'PRECISION': 0.3333333333333333, 'RECALL': 0.42857142857142855, 'MCC': 0.035245368842512066, 'Confusion': array([[56, 36], [24, 18]], dtype=int64)}
DFT_BASE;PLS;SVC;15;2;{'gamma': 0.01, 'C': 100.0};{'BAL_ACC': 0.6105072463768115, 'AUC_SCORE': 0.6658902691511387, 'PRECISION': 0.4057971014492754, 'RECALL': 0.6666666666666666, 'MCC': 0.20514365459730205, 'Confusion': array([[51, 41], [14, 28]], dtype=int64)}
DFT_BASE;PLS;SVC;16;2;{'gamma': 0.01, 'C': 1.0};{'BAL_ACC': 0.5533126293995859, 'AUC_SCORE': 0.567287784679089, 'PRECISION': 0.37037037037037035, 'RECALL': 0.47619047619047616, 'MCC': 0.10084091641052063, 'Confusion': array([[58, 34], [22, 20]], dtype=int64)}
DFT_BASE;PLS;SVC;17;1;{'gamma': 0.001, 'C': 1.0};{'BAL_ACC': 0.41873706004140787, 'AUC_SCORE': 0.44332298136645965, 'PRECISION': 0.24242424242424243, 'RECALL': 0.38095238095238093, 'MCC': -0.15080462489715787, 'Confusion': array([[42, 50], [26, 16]], dtype=int64)}
DFT_BASE;PLS;SVC;18;3;{'gamma': 0.001, 'C': 1000.0};{'BAL_ACC': 0.5152691511387164, 'AUC_SCORE': 0.5186335403726708, 'PRECISION': 0.32786885245901637, 'RECALL': 0.47619047619047616, 'MCC': 0.02844704114187648, 'Confusion': array([[51, 41], [22, 20]], dtype=int64)}
DFT_BASE;PLS;SVC;19;2;{'gamma': 0.1, 'C': 1.0};{'BAL_ACC': 0.5879917184265011, 'AUC_SCORE': 0.6180124223602484, 'PRECISION': 0.4074074074074074, 'RECALL': 0.5238095238095238, 'MCC': 0.1664364639785292, 'Confusion': array([[60, 32], [20, 22]], dtype=int64)}
DFT_BASE;PLS;SVC;20;2;{'gamma': 0.001, 'C': 1000.0};{'BAL_ACC': 0.5763457556935818, 'AUC_SCORE': 0.6268115942028986, 'PRECISION': 0.43243243243243246, 'RECALL': 0.38095238095238093, 'MCC': 0.15843339317203667, 'Confusion': array([[71, 21], [26, 16]], dtype=int64)}
DFT_BASE;PLS;SVC;21;4;{'gamma': 0.01, 'C': 1.0};{'BAL_ACC': 0.5685817805383023, 'AUC_SCORE': 0.6493271221532091, 'PRECISION': 0.3958333333333333, 'RECALL': 0.4523809523809524, 'MCC': 0.1327050550298477, 'Confusion': array([[63, 29], [23, 19]], dtype=int64)}
DFT_BASE;PLS;SVC;22;2;{'gamma': 0.1, 'C': 1.0};{'BAL_ACC': 0.5465838509316769, 'AUC_SCORE': 0.5339026915113871, 'PRECISION': 0.35294117647058826, 'RECALL': 0.5714285714285714, 'MCC': 0.08644851108754273, 'Confusion': array([[48, 44], [18, 24]], dtype=int64)}
DFT_BASE;PLS;SVC;23;2;{'gamma': 0.001, 'C': 1.0};{'BAL_ACC': 0.6032608695652174, 'AUC_SCORE': 0.6231884057971013, 'PRECISION': 0.4375, 'RECALL': 0.5, 'MCC': 0.19980874323361975, 'Confusion': array([[65, 27], [21, 21]], dtype=int64)}
DFT_BASE;PLS;SVC;24;3;{'gamma': 0.001, 'C': 1.0};{'BAL_ACC': 0.5957556935817805, 'AUC_SCORE': 0.5949792960662528, 'PRECISION': 0.4418604651162791, 'RECALL': 0.4523809523809524, 'MCC': 0.19030852222575148, 'Confusion': array([[68, 24], [23, 19]], dtype=int64)}
DFT_BASE;PLS;SVC;25;2;{'gamma': 0.001, 'C': 1.0};{'BAL_ACC': 0.5696169772256728, 'AUC_SCORE': 0.5357142857142858, 'PRECISION': 0.39215686274509803, 'RECALL': 0.47619047619047616, 'MCC': 0.13302693429531276, 'Confusion': array([[61, 31], [22, 20]], dtype=int64)}
DFT_BASE;PLS;SVC;26;4;{'gamma': 0.01, 'C': 100.0};{'BAL_ACC': 0.5859213250517599, 'AUC_SCORE': 0.6208592132505176, 'PRECISION': 0.4166666666666667, 'RECALL': 0.47619047619047616, 'MCC': 0.16625689913173372, 'Confusion': array([[64, 28], [22, 20]], dtype=int64)}
DFT_BASE;PLS;SVC;27;2;{'gamma': 0.001, 'C': 1.0};{'BAL_ACC': 0.5706521739130435, 'AUC_SCORE': 0.5918737060041408, 'PRECISION': 0.3888888888888889, 'RECALL': 0.5, 'MCC': 0.13363869019452493, 'Confusion': array([[59, 33], [21, 21]], dtype=int64)}
DFT_BASE;PLS;SVC;28;4;{'gamma': 0.001, 'C': 1000.0};{'BAL_ACC': 0.59472049689441, 'AUC_SCORE': 0.6107660455486543, 'PRECISION': 0.45, 'RECALL': 0.42857142857142855, 'MCC': 0.19204305219711842, 'Confusion': array([[70, 22], [24, 18]], dtype=int64)}
DFT_BASE;PLS;SVC;29;3;{'gamma': 0.001, 'C': 1000.0};{'BAL_ACC': 0.6648550724637681, 'AUC_SCORE': 0.6845238095238096, 'PRECISION': 0.4745762711864407, 'RECALL': 0.6666666666666666, 'MCC': 0.30810179719087055, 'Confusion': array([[61, 31], [14, 28]], dtype=int64)}
DFT_BASE;PLS;SVC;30;2;{'gamma': 0.1, 'C': 1.0};{'BAL_ACC': 0.5750517598343685, 'AUC_SCORE': 0.6322463768115942, 'PRECISION': 0.4, 'RECALL': 0.47619047619047616, 'MCC': 0.143974238277504, 'Confusion': array([[62, 30], [22, 20]], dtype=int64)}
DFT_BASE;PLS;SVC;31;8;{'gamma': 0.001, 'C': 100.0};{'BAL_ACC': 0.49689440993788814, 'AUC_SCORE': 0.5067287784679089, 'PRECISION': 0.3103448275862069, 'RECALL': 0.42857142857142855, 'MCC': -0.005815296864937485, 'Confusion': array([[52, 40], [24, 18]], dtype=int64)}
DFT_BASE;PLS;SVC;32;4;{'gamma': 0.001, 'C': 1000.0};{'BAL_ACC': 0.562111801242236, 'AUC_SCORE': 0.6068840579710145, 'PRECISION': 0.391304347826087, 'RECALL': 0.42857142857142855, 'MCC': 0.12136750570414837, 'Confusion': array([[64, 28], [24, 18]], dtype=int64)}
DFT_BASE;PLS;SVC;33;2;{'gamma': 0.001, 'C': 10.0};{'BAL_ACC': 0.562111801242236, 'AUC_SCORE': 0.5556418219461697, 'PRECISION': 0.391304347826087, 'RECALL': 0.42857142857142855, 'MCC': 0.12136750570414837, 'Confusion': array([[64, 28], [24, 18]], dtype=int64)}
DFT_BASE;PLS;SVC;34;2;{'gamma': 0.01, 'C': 100.0};{'BAL_ACC': 0.5828157349896481, 'AUC_SCORE': 0.6389751552795032, 'PRECISION': 0.4358974358974359, 'RECALL': 0.40476190476190477, 'MCC': 0.16914817210356803, 'Confusion': array([[70, 22], [25, 17]], dtype=int64)}
DFT_BASE;PLS;SVC;35;2;{'gamma': 0.001, 'C': 1000.0};{'BAL_ACC': 0.5284679089026916, 'AUC_SCORE': 0.5760869565217391, 'PRECISION': 0.3469387755102041, 'RECALL': 0.40476190476190477, 'MCC': 0.054839895566845646, 'Confusion': array([[60, 32], [25, 17]], dtype=int64)}
DFT_BASE;PLS;SVC;36;4;{'gamma': 0.01, 'C': 1.0};{'BAL_ACC': 0.5967908902691511, 'AUC_SCORE': 0.6130952380952381, 'PRECISION': 0.43478260869565216, 'RECALL': 0.47619047619047616, 'MCC': 0.18913102972229787, 'Confusion': array([[66, 26], [22, 20]], dtype=int64)}
DFT_BASE;PLS;SVC;37;3;{'gamma': 0.001, 'C': 1000.0};{'BAL_ACC': 0.6379399585921326, 'AUC_SCORE': 0.6381987577639752, 'PRECISION': 0.4791666666666667, 'RECALL': 0.5476190476190477, 'MCC': 0.2669124314373918, 'Confusion': array([[67, 25], [19, 23]], dtype=int64)}
DFT_BASE;PLS;SVC;38;30;{'gamma': 0.001, 'C': 1.0};{'BAL_ACC': 0.5926501035196687, 'AUC_SCORE': 0.6371635610766045, 'PRECISION': 0.47058823529411764, 'RECALL': 0.38095238095238093, 'MCC': 0.1975399797510588, 'Confusion': array([[74, 18], [26, 16]], dtype=int64)}
DFT_BASE;PLS;SVC;39;2;{'gamma': 0.001, 'C': 1000.0};{'BAL_ACC': 0.5610766045548654, 'AUC_SCORE': 0.6211180124223603, 'PRECISION': 0.3953488372093023, 'RECALL': 0.40476190476190477, 'MCC': 0.12138597633858744, 'Confusion': array([[66, 26], [25, 17]], dtype=int64)}
DFT_BASE;PLS;SVC;40;4;{'gamma': 0.001, 'C': 1000.0};{'BAL_ACC': 0.5372670807453416, 'AUC_SCORE': 0.5771221532091098, 'PRECISION': 0.36585365853658536, 'RECALL': 0.35714285714285715, 'MCC': 0.07503096398904106, 'Confusion': array([[66, 26], [27, 15]], dtype=int64)}
DFT_BASE;PLS;SVC;41;2;{'gamma': 0.01, 'C': 1.0};{'BAL_ACC': 0.5491718426501035, 'AUC_SCORE': 0.6009316770186336, 'PRECISION': 0.38095238095238093, 'RECALL': 0.38095238095238093, 'MCC': 0.09834368530020704, 'Confusion': array([[66, 26], [26, 16]], dtype=int64)}
DFT_BASE;PLS;SVC;42;2;{'gamma': 0.001, 'C': 1000.0};{'BAL_ACC': 0.5662525879917184, 'AUC_SCORE': 0.6138716356107661, 'PRECISION': 0.3793103448275862, 'RECALL': 0.5238095238095238, 'MCC': 0.12405966645199967, 'Confusion': array([[56, 36], [20, 22]], dtype=int64)}
DFT_BASE;PLS;SVC;43;2;{'gamma': 0.001, 'C': 1000.0};{'BAL_ACC': 0.5610766045548654, 'AUC_SCORE': 0.599120082815735, 'PRECISION': 0.3953488372093023, 'RECALL': 0.40476190476190477, 'MCC': 0.12138597633858744, 'Confusion': array([[66, 26], [25, 17]], dtype=int64)}
DFT_BASE;PLS;SVC;44;40;{'gamma': 0.01, 'C': 0.1};{'BAL_ACC': 0.4736024844720497, 'AUC_SCORE': 0.4549689440993789, 'PRECISION': 0.2967032967032967, 'RECALL': 0.6428571428571429, 'MCC': -0.05246343045142338, 'Confusion': array([[28, 64], [15, 27]], dtype=int64)}
DFT_BASE;PLS;SVC;45;3;{'gamma': 0.001, 'C': 100.0};{'BAL_ACC': 0.6022256728778468, 'AUC_SCORE': 0.6765010351966874, 'PRECISION': 0.4444444444444444, 'RECALL': 0.47619047619047616, 'MCC': 0.20082014309925802, 'Confusion': array([[67, 25], [22, 20]], dtype=int64)}
DFT_BASE;PLS;SVC;46;2;{'gamma': 0.01, 'C': 10.0};{'BAL_ACC': 0.5468426501035196, 'AUC_SCORE': 0.5830745341614907, 'PRECISION': 0.36538461538461536, 'RECALL': 0.4523809523809524, 'MCC': 0.08918286370669998, 'Confusion': array([[59, 33], [23, 19]], dtype=int64)}
DFT_BASE;PLS;SVC;47;4;{'gamma': 0.001, 'C': 1000.0};{'BAL_ACC': 0.5923913043478262, 'AUC_SCORE': 0.5980848861283643, 'PRECISION': 0.42, 'RECALL': 0.5, 'MCC': 0.17723725194851356, 'Confusion': array([[63, 29], [21, 21]], dtype=int64)}
DFT_BASE;PLS;SVC;48;3;{'gamma': 0.001, 'C': 1000.0};{'BAL_ACC': 0.5393374741200828, 'AUC_SCORE': 0.5742753623188406, 'PRECISION': 0.3617021276595745, 'RECALL': 0.40476190476190477, 'MCC': 0.07647975173077362, 'Confusion': array([[62, 30], [25, 17]], dtype=int64)}
DFT_BASE;PLS;SVC;49;2;{'gamma': 0.01, 'C': 1.0};{'BAL_ACC': 0.5416666666666666, 'AUC_SCORE': 0.568840579710145, 'PRECISION': 0.3783783783783784, 'RECALL': 0.3333333333333333, 'MCC': 0.08646703830745052, 'Confusion': array([[69, 23], [28, 14]], dtype=int64)}
DFT_BASE;PLS;SVC;50;3;{'gamma': 0.01, 'C': 100.0};{'BAL_ACC': 0.6193064182194616, 'AUC_SCORE': 0.6679606625258799, 'PRECISION': 0.4262295081967213, 'RECALL': 0.6190476190476191, 'MCC': 0.2222726434983908, 'Confusion': array([[57, 35], [16, 26]], dtype=int64)}
DFT_BASE;PLS;SVC;51;2;{'gamma': 0.01, 'C': 1.0};{'BAL_ACC': 0.6074016563146998, 'AUC_SCORE': 0.6247412008281574, 'PRECISION': 0.4166666666666667, 'RECALL': 0.5952380952380952, 'MCC': 0.20038631017823352, 'Confusion': array([[57, 35], [17, 25]], dtype=int64)}
DFT_BASE;PLS;SVC;52;3;{'gamma': 0.001, 'C': 1000.0};{'BAL_ACC': 0.5719461697722568, 'AUC_SCORE': 0.5859213250517599, 'PRECISION': 0.4146341463414634, 'RECALL': 0.40476190476190477, 'MCC': 0.14485144436773204, 'Confusion': array([[68, 24], [25, 17]], dtype=int64)}
DFT_BASE;PLS;SVC;53;2;{'gamma': 0.01, 'C': 10.0};{'BAL_ACC': 0.6063664596273292, 'AUC_SCORE': 0.6231884057971014, 'PRECISION': 0.42105263157894735, 'RECALL': 0.5714285714285714, 'MCC': 0.19960456443525493, 'Confusion': array([[59, 33], [18, 24]], dtype=int64)}
DFT_BASE;PLS;SVC;54;3;{'gamma': 0.001, 'C': 1000.0};{'BAL_ACC': 0.5965320910973084, 'AUC_SCORE': 0.6089544513457558, 'PRECISION': 0.4032258064516129, 'RECALL': 0.5952380952380952, 'MCC': 0.17962144078204179, 'Confusion': array([[55, 37], [17, 25]], dtype=int64)}
DFT_BASE;PLS;SVC;55;5;{'gamma': 0.01, 'C': 10.0};{'BAL_ACC': 0.5186335403726708, 'AUC_SCORE': 0.5553830227743272, 'PRECISION': 0.3333333333333333, 'RECALL': 0.42857142857142855, 'MCC': 0.035245368842512066, 'Confusion': array([[56, 36], [24, 18]], dtype=int64)}
DFT_BASE;PLS;SVC;56;2;{'gamma': 0.001, 'C': 10.0};{'BAL_ACC': 0.5522774327122153, 'AUC_SCORE': 0.5388198757763976, 'PRECISION': 0.37254901960784315, 'RECALL': 0.4523809523809524, 'MCC': 0.09989383170131291, 'Confusion': array([[60, 32], [23, 19]], dtype=int64)}
DFT_BASE;PLS;SVC;57;2;{'gamma': 0.001, 'C': 1.0};{'BAL_ACC': 0.5230331262939958, 'AUC_SCORE': 0.5326086956521741, 'PRECISION': 0.34, 'RECALL': 0.40476190476190477, 'MCC': 0.04418519726447537, 'Confusion': array([[59, 33], [25, 17]], dtype=int64)}
DFT_BASE;PLS;SVC;58;2;{'gamma': 0.001, 'C': 1.0};{'BAL_ACC': 0.5781573498964804, 'AUC_SCORE': 0.6055900621118012, 'PRECISION': 0.3898305084745763, 'RECALL': 0.5476190476190477, 'MCC': 0.1460702397984975, 'Confusion': array([[56, 36], [19, 23]], dtype=int64)}
DFT_BASE;PLS;SVC;59;2;{'gamma': 0.001, 'C': 1.0};{'BAL_ACC': 0.5393374741200828, 'AUC_SCORE': 0.542184265010352, 'PRECISION': 0.3617021276595745, 'RECALL': 0.40476190476190477, 'MCC': 0.07647975173077362, 'Confusion': array([[62, 30], [25, 17]], dtype=int64)}
DFT_BASE;PLS;SVC;60;2;{'gamma': 0.001, 'C': 1000.0};{'BAL_ACC': 0.6586438923395446, 'AUC_SCORE': 0.6845238095238096, 'PRECISION': 0.5365853658536586, 'RECALL': 0.5238095238095238, 'MCC': 0.3194026453144595, 'Confusion': array([[73, 19], [20, 22]], dtype=int64)}
DFT_BASE;PLS;SVC;61;3;{'gamma': 0.001, 'C': 1000.0};{'BAL_ACC': 0.5489130434782609, 'AUC_SCORE': 0.5310559006211181, 'PRECISION': 0.3620689655172414, 'RECALL': 0.5, 'MCC': 0.09159092562276538, 'Confusion': array([[55, 37], [21, 21]], dtype=int64)}
DFT_BASE;PLS;SVC;62;3;{'gamma': 0.001, 'C': 100.0};{'BAL_ACC': 0.5652173913043479, 'AUC_SCORE': 0.5918737060041408, 'PRECISION': 0.38181818181818183, 'RECALL': 0.5, 'MCC': 0.12300339179207631, 'Confusion': array([[58, 34], [21, 21]], dtype=int64)}
DFT_BASE;PLS;SVC;63;2;{'gamma': 0.001, 'C': 10.0};{'BAL_ACC': 0.5403726708074534, 'AUC_SCORE': 0.504399585921325, 'PRECISION': 0.36, 'RECALL': 0.42857142857142855, 'MCC': 0.07744821093548492, 'Confusion': array([[60, 32], [24, 18]], dtype=int64)}
DFT_BASE;PLS;SVC;64;4;{'gamma': 0.001, 'C': 10.0};{'BAL_ACC': 0.5491718426501035, 'AUC_SCORE': 0.5740165631469979, 'PRECISION': 0.38095238095238093, 'RECALL': 0.38095238095238093, 'MCC': 0.09834368530020704, 'Confusion': array([[66, 26], [26, 16]], dtype=int64)}
DFT_BASE;PLS;SVC;65;5;{'gamma': 0.001, 'C': 10.0};{'BAL_ACC': 0.5186335403726708, 'AUC_SCORE': 0.536231884057971, 'PRECISION': 0.3333333333333333, 'RECALL': 0.42857142857142855, 'MCC': 0.035245368842512066, 'Confusion': array([[56, 36], [24, 18]], dtype=int64)}
DFT_BASE;PLS;SVC;66;3;{'gamma': 0.01, 'C': 1.0};{'BAL_ACC': 0.5740165631469979, 'AUC_SCORE': 0.6149068322981367, 'PRECISION': 0.40425531914893614, 'RECALL': 0.4523809523809524, 'MCC': 0.1439026907565872, 'Confusion': array([[64, 28], [23, 19]], dtype=int64)}
DFT_BASE;PLS;SVC;67;2;{'gamma': 0.001, 'C': 1000.0};{'BAL_ACC': 0.5437370600414079, 'AUC_SCORE': 0.5830745341614907, 'PRECISION': 0.37209302325581395, 'RECALL': 0.38095238095238093, 'MCC': 0.08692470339500541, 'Confusion': array([[65, 27], [26, 16]], dtype=int64)}
DFT_BASE;PLS;SVC;68;4;{'gamma': 0.01, 'C': 10.0};{'BAL_ACC': 0.49689440993788814, 'AUC_SCORE': 0.5370082815734989, 'PRECISION': 0.3103448275862069, 'RECALL': 0.42857142857142855, 'MCC': -0.005815296864937485, 'Confusion': array([[52, 40], [24, 18]], dtype=int64)}
DFT_BASE;PLS;SVC;69;2;{'gamma': 0.001, 'C': 1000.0};{'BAL_ACC': 0.5923913043478262, 'AUC_SCORE': 0.593167701863354, 'PRECISION': 0.42, 'RECALL': 0.5, 'MCC': 0.17723725194851356, 'Confusion': array([[63, 29], [21, 21]], dtype=int64)}
DFT_BASE;PLS;SVC;70;3;{'gamma': 0.001, 'C': 10.0};{'BAL_ACC': 0.5675465838509317, 'AUC_SCORE': 0.5760869565217392, 'PRECISION': 0.4, 'RECALL': 0.42857142857142855, 'MCC': 0.13269381607318062, 'Confusion': array([[65, 27], [24, 18]], dtype=int64)}
DFT_BASE;PLS;SVC;71;2;{'gamma': 0.001, 'C': 1000.0};{'BAL_ACC': 0.620600414078675, 'AUC_SCORE': 0.6581262939958592, 'PRECISION': 0.4583333333333333, 'RECALL': 0.5238095238095238, 'MCC': 0.23336058733550577, 'Confusion': array([[66, 26], [20, 22]], dtype=int64)}
DFT_BASE;PLS;SVC;72;2;{'gamma': 0.01, 'C': 100.0};{'BAL_ACC': 0.5825569358178053, 'AUC_SCORE': 0.6030020703933747, 'PRECISION': 0.4, 'RECALL': 0.5238095238095238, 'MCC': 0.15570667453044582, 'Confusion': array([[59, 33], [20, 22]], dtype=int64)}
DFT_BASE;PLS;SVC;73;4;{'gamma': 0.01, 'C': 100.0};{'BAL_ACC': 0.5600414078674948, 'AUC_SCORE': 0.5274327122153208, 'PRECISION': 0.4, 'RECALL': 0.38095238095238093, 'MCC': 0.12173220795008599, 'Confusion': array([[68, 24], [26, 16]], dtype=int64)}
DFT_BASE;PLS;SVC;74;5;{'gamma': 0.01, 'C': 1.0};{'BAL_ACC': 0.6433747412008282, 'AUC_SCORE': 0.6581262939958593, 'PRECISION': 0.48936170212765956, 'RECALL': 0.5476190476190477, 'MCC': 0.2787485688082144, 'Confusion': array([[68, 24], [19, 23]], dtype=int64)}
DFT_BASE;PLS;SVC;75;2;{'gamma': 0.01, 'C': 100.0};{'BAL_ACC': 0.5315734989648033, 'AUC_SCORE': 0.587991718426501, 'PRECISION': 0.3448275862068966, 'RECALL': 0.47619047619047616, 'MCC': 0.059122184793531096, 'Confusion': array([[54, 38], [22, 20]], dtype=int64)}
DFT_BASE;PLS;SVC;76;2;{'gamma': 0.001, 'C': 1000.0};{'BAL_ACC': 0.6692546583850931, 'AUC_SCORE': 0.672360248447205, 'PRECISION': 0.4909090909090909, 'RECALL': 0.6428571428571429, 'MCC': 0.3192230882222933, 'Confusion': array([[64, 28], [15, 27]], dtype=int64)}
DFT_BASE;PLS;SVC;77;15;{'gamma': 0.01, 'C': 1.0};{'BAL_ACC': 0.6011904761904762, 'AUC_SCORE': 0.6319875776397516, 'PRECISION': 0.4523809523809524, 'RECALL': 0.4523809523809524, 'MCC': 0.20238095238095238, 'Confusion': array([[69, 23], [23, 19]], dtype=int64)}
DFT_BASE;PLS;SVC;78;3;{'gamma': 0.001, 'C': 100.0};{'BAL_ACC': 0.5512422360248447, 'AUC_SCORE': 0.5372670807453416, 'PRECISION': 0.375, 'RECALL': 0.42857142857142855, 'MCC': 0.09915321092796167, 'Confusion': array([[62, 30], [24, 18]], dtype=int64)}
DFT_BASE;PLS;SVC;79;4;{'gamma': 0.001, 'C': 10.0};{'BAL_ACC': 0.5349378881987578, 'AUC_SCORE': 0.5766045548654244, 'PRECISION': 0.35294117647058826, 'RECALL': 0.42857142857142855, 'MCC': 0.0667607291073131, 'Confusion': array([[59, 33], [24, 18]], dtype=int64)}
DFT_BASE;PLS;SVC;80;2;{'gamma': 0.1, 'C': 1.0};{'BAL_ACC': 0.4989648033126294, 'AUC_SCORE': 0.5124223602484472, 'PRECISION': 0.3125, 'RECALL': 0.47619047619047616, 'MCC': -0.001922792507350591, 'Confusion': array([[48, 44], [22, 20]], dtype=int64)}
DFT_BASE;PLS;SVC;81;2;{'gamma': 0.01, 'C': 1.0};{'BAL_ACC': 0.5879917184265011, 'AUC_SCORE': 0.6454451345755694, 'PRECISION': 0.4074074074074074, 'RECALL': 0.5238095238095238, 'MCC': 0.1664364639785292, 'Confusion': array([[60, 32], [20, 22]], dtype=int64)}
DFT_BASE;PLS;SVC;82;4;{'gamma': 0.001, 'C': 1.0};{'BAL_ACC': 0.6030020703933747, 'AUC_SCORE': 0.6467391304347825, 'PRECISION': 0.40625, 'RECALL': 0.6190476190476191, 'MCC': 0.1913178544813838, 'Confusion': array([[54, 38], [16, 26]], dtype=int64)}
DFT_BASE;PLS;SVC;83;2;{'gamma': 0.01, 'C': 1000.0};{'BAL_ACC': 0.5134575569358177, 'AUC_SCORE': 0.5546066252587991, 'PRECISION': 0.3333333333333333, 'RECALL': 0.30952380952380953, 'MCC': 0.027486577966829805, 'Confusion': array([[66, 26], [29, 13]], dtype=int64)}
DFT_BASE;PLS;SVC;84;2;{'gamma': 0.001, 'C': 1.0};{'BAL_ACC': 0.5804865424430642, 'AUC_SCORE': 0.5631469979296067, 'PRECISION': 0.40816326530612246, 'RECALL': 0.47619047619047616, 'MCC': 0.15504734110262725, 'Confusion': array([[63, 29], [22, 20]], dtype=int64)}
DFT_BASE;PLS;SVC;85;2;{'gamma': 0.01, 'C': 100.0};{'BAL_ACC': 0.6019668737060042, 'AUC_SCORE': 0.6335403726708074, 'PRECISION': 0.4098360655737705, 'RECALL': 0.5952380952380952, 'MCC': 0.18996837643897174, 'Confusion': array([[56, 36], [17, 25]], dtype=int64)}
DFT_BASE;PLS;SVC;86;2;{'gamma': 0.01, 'C': 10.0};{'BAL_ACC': 0.583592132505176, 'AUC_SCORE': 0.6053312629399585, 'PRECISION': 0.39655172413793105, 'RECALL': 0.5476190476190477, 'MCC': 0.15652840728123396, 'Confusion': array([[57, 35], [19, 23]], dtype=int64)}
DFT_BASE;PLS;SVC;87;4;{'gamma': 0.001, 'C': 10.0};{'BAL_ACC': 0.5662525879917184, 'AUC_SCORE': 0.5773809523809523, 'PRECISION': 0.3793103448275862, 'RECALL': 0.5238095238095238, 'MCC': 0.12405966645199967, 'Confusion': array([[56, 36], [20, 22]], dtype=int64)}
DFT_BASE;PLS;SVC;88;2;{'gamma': 0.001, 'C': 1.0};{'BAL_ACC': 0.6141304347826086, 'AUC_SCORE': 0.6221532091097308, 'PRECISION': 0.45652173913043476, 'RECALL': 0.5, 'MCC': 0.22301279173137262, 'Confusion': array([[67, 25], [21, 21]], dtype=int64)}
DFT_BASE;PLS;SVC;89;4;{'gamma': 0.001, 'C': 10.0};{'BAL_ACC': 0.5339026915113871, 'AUC_SCORE': 0.494824016563147, 'PRECISION': 0.3541666666666667, 'RECALL': 0.40476190476190477, 'MCC': 0.06560136682607566, 'Confusion': array([[61, 31], [25, 17]], dtype=int64)}
DFT_BASE;PLS;SVC;90;2;{'gamma': 0.01, 'C': 1000.0};{'BAL_ACC': 0.5967908902691511, 'AUC_SCORE': 0.6335403726708074, 'PRECISION': 0.43478260869565216, 'RECALL': 0.47619047619047616, 'MCC': 0.18913102972229787, 'Confusion': array([[66, 26], [22, 20]], dtype=int64)}
DFT_BASE;PLS;SVC;91;3;{'gamma': 0.001, 'C': 100.0};{'BAL_ACC': 0.634575569358178, 'AUC_SCORE': 0.6563146997929606, 'PRECISION': 0.45454545454545453, 'RECALL': 0.5952380952380952, 'MCC': 0.25381652274555433, 'Confusion': array([[62, 30], [17, 25]], dtype=int64)}
DFT_BASE;PLS;SVC;92;3;{'gamma': 0.001, 'C': 1000.0};{'BAL_ACC': 0.5346790890269151, 'AUC_SCORE': 0.5432194616977225, 'PRECISION': 0.34328358208955223, 'RECALL': 0.5476190476190477, 'MCC': 0.06434894520877868, 'Confusion': array([[48, 44], [19, 23]], dtype=int64)}
DFT_BASE;PLS;SVC;93;2;{'gamma': 0.001, 'C': 1.0};{'BAL_ACC': 0.629399585921325, 'AUC_SCORE': 0.6262939958592133, 'PRECISION': 0.5, 'RECALL': 0.47619047619047616, 'MCC': 0.26235389644415086, 'Confusion': array([[72, 20], [22, 20]], dtype=int64)}
DFT_BASE;PLS;SVC;94;4;{'gamma': 0.001, 'C': 100.0};{'BAL_ACC': 0.5434782608695652, 'AUC_SCORE': 0.5615942028985508, 'PRECISION': 0.3559322033898305, 'RECALL': 0.5, 'MCC': 0.08125761684154828, 'Confusion': array([[54, 38], [21, 21]], dtype=int64)}
DFT_BASE;PLS;SVC;95;5;{'gamma': 0.001, 'C': 1000.0};{'BAL_ACC': 0.531832298136646, 'AUC_SCORE': 0.5574534161490683, 'PRECISION': 0.35714285714285715, 'RECALL': 0.35714285714285715, 'MCC': 0.06366459627329192, 'Confusion': array([[65, 27], [27, 15]], dtype=int64)}
DFT_BASE;PLS;SVC;96;4;{'gamma': 0.01, 'C': 10.0};{'BAL_ACC': 0.5869565217391304, 'AUC_SCORE': 0.5929089026915113, 'PRECISION': 0.4117647058823529, 'RECALL': 0.5, 'MCC': 0.16616003688931258, 'Confusion': array([[62, 30], [21, 21]], dtype=int64)}
DFT_BASE;PLS;SVC;97;4;{'gamma': 0.001, 'C': 100.0};{'BAL_ACC': 0.5988612836438924, 'AUC_SCORE': 0.6149068322981367, 'PRECISION': 0.4230769230769231, 'RECALL': 0.5238095238095238, 'MCC': 0.18822018749148836, 'Confusion': array([[62, 30], [20, 22]], dtype=int64)}
DFT_BASE;PLS;SVC;98;9;{'gamma': 0.01, 'C': 1.0};{'BAL_ACC': 0.5978260869565217, 'AUC_SCORE': 0.6112836438923395, 'PRECISION': 0.42857142857142855, 'RECALL': 0.5, 'MCC': 0.18844982294788776, 'Confusion': array([[64, 28], [21, 21]], dtype=int64)}
DFT_BASE;PLS;SVC;99;3;{'gamma': 0.01, 'C': 1.0};{'BAL_ACC': 0.504399585921325, 'AUC_SCORE': 0.503623188405797, 'PRECISION': 0.31746031746031744, 'RECALL': 0.47619047619047616, 'MCC': 0.008178259919560784, 'Confusion': array([[49, 43], [22, 20]], dtype=int64)}
